GO
INSERT [dbo].[Dochody_Wydatki] ([towary], [kolor], [ilość_zakupu], [ilość_sprzedanych], [cena], [firma_sprzedaży]) VALUES (N'Piłka do siatkówki', N'Biały', 50, 45, 120, N'Adidas Polska')
INSERT [dbo].[Dochody_Wydatki] ([towary], [kolor], [ilość_zakupu], [ilość_sprzedanych], [cena], [firma_sprzedaży]) VALUES (N'Ręcznik sportowy', N'Biały', 150, 140, 50, N'Puma Polska')
INSERT [dbo].[Dochody_Wydatki] ([towary], [kolor], [ilość_zakupu], [ilość_sprzedanych], [cena], [firma_sprzedaży]) VALUES (N'Notes z logo turnieju', N'Czerwony', 100, 85, 25, N'Decathlon')
INSERT [dbo].[Dochody_Wydatki] ([towary], [kolor], [ilość_zakupu], [ilość_sprzedanych], [cena], [firma_sprzedaży]) VALUES (N'Plakat z drużyną', N'Kolorowy', 150, 140, 20, N'SportFun')
INSERT [dbo].[Dochody_Wydatki] ([towary], [kolor], [ilość_zakupu], [ilość_sprzedanych], [cena], [firma_sprzedaży]) VALUES (N'Opaska na rękę', N'Różowy', 400, 380, 5, N'Nike Polska')
INSERT [dbo].[Dochody_Wydatki] ([towary], [kolor], [ilość_zakupu], [ilość_sprzedanych], [cena], [firma_sprzedaży]) VALUES (N'Torba sportowa', N'Granatowy', 70, 60, 150, N'Puma Polska')
INSERT [dbo].[Dochody_Wydatki] ([towary], [kolor], [ilość_zakupu], [ilość_sprzedanych], [cena], [firma_sprzedaży]) VALUES (N'Piłka z autografami', N'Biały', 20, 15, 300, N'FanShop Polska')
INSERT [dbo].[Dochody_Wydatki] ([towary], [kolor], [ilość_zakupu], [ilość_sprzedanych], [cena], [firma_sprzedaży]) VALUES (N'Magnes na lodówkę', N'Kolorowy', 250, 230, 10, N'Decathlon')
INSERT [dbo].[Dochody_Wydatki] ([towary], [kolor], [ilość_zakupu], [ilość_sprzedanych], [cena], [firma_sprzedaży]) VALUES (N'Skarpetki sportowe', N'Biały', 120, 115, 25, N'Under Armour Polska')
INSERT [dbo].[Dochody_Wydatki] ([towary], [kolor], [ilość_zakupu], [ilość_sprzedanych], [cena], [firma_sprzedaży]) VALUES (N'Poduszka z logo', N'Czerwony', 60, 50, 50, N'Adidas Polska')
INSERT [dbo].[Dochody_Wydatki] ([towary], [kolor], [ilość_zakupu], [ilość_sprzedanych], [cena], [firma_sprzedaży]) VALUES (N'Kubek z logo turnieju', N'Biały', 150, 140, 35, N'FanShop Polska')
INSERT [dbo].[Dochody_Wydatki] ([towary], [kolor], [ilość_zakupu], [ilość_sprzedanych], [cena], [firma_sprzedaży]) VALUES (N'Sznurówka do identyfikatora', N'Czarny', 200, 180, 8, N'Nike Polska')
INSERT [dbo].[Dochody_Wydatki] ([towary], [kolor], [ilość_zakupu], [ilość_sprzedanych], [cena], [firma_sprzedaży]) VALUES (N'Zestaw naklejek', N'Kolorowy', 300, 270, 12, N'SportFun')
INSERT [dbo].[Dochody_Wydatki] ([towary], [kolor], [ilość_zakupu], [ilość_sprzedanych], [cena], [firma_sprzedaży]) VALUES (N'Zegarek sportowy', N'Srebrny', 50, 40, 220, N'Casio Polska')
INSERT [dbo].[Dochody_Wydatki] ([towary], [kolor], [ilość_zakupu], [ilość_sprzedanych], [cena], [firma_sprzedaży]) VALUES (N'Plecak z logo', N'Czarny', 100, 90, 180, N'Adidas Polska')
INSERT [dbo].[Dochody_Wydatki] ([towary], [kolor], [ilość_zakupu], [ilość_sprzedanych], [cena], [firma_sprzedaży]) VALUES (N'Podpórki na książki', N'Biały', 30, 25, 50, N'Decathlon')
INSERT [dbo].[Dochody_Wydatki] ([towary], [kolor], [ilość_zakupu], [ilość_sprzedanych], [cena], [firma_sprzedaży]) VALUES (N'Zestaw do kibica', N'Kolorowy', 80, 70, 120, N'FanShop Polska')
INSERT [dbo].[Dochody_Wydatki] ([towary], [kolor], [ilość_zakupu], [ilość_sprzedanych], [cena], [firma_sprzedaży]) VALUES (N'Torba na laptopa', N'Szary', 40, 35, 200, N'Puma Polska')
INSERT [dbo].[Dochody_Wydatki] ([towary], [kolor], [ilość_zakupu], [ilość_sprzedanych], [cena], [firma_sprzedaży]) VALUES (N'Ręcznik plażowy', N'Kolorowy', 70, 60, 90, N'Adidas Polska')
INSERT [dbo].[Dochody_Wydatki] ([towary], [kolor], [ilość_zakupu], [ilość_sprzedanych], [cena], [firma_sprzedaży]) VALUES (N'Latarka sportowa', N'Czarny', 30, 25, 60, N'SportFun')
INSERT [dbo].[Dochody_Wydatki] ([towary], [kolor], [ilość_zakupu], [ilość_sprzedanych], [cena], [firma_sprzedaży]) VALUES (N'Plakat turniejowy', N'Kolorowy', 150, 140, 20, N'Decathlon')
GO
SET IDENTITY_INSERT [dbo].[Gierki_Ligy_Siatkarskej] ON 

INSERT [dbo].[Gierki_Ligy_Siatkarskej] ([numer_gry], [cykl_rozgrywki], [id_sedziego], [id_pierwszej_druzyny], [id_drugiej_druzyny], [id_przegrywającej_druzyny], [id_wygrywającej_druzyny], [numer_kortu], [czas_meczu]) VALUES (5, N'Faza grupowa', 1, 1, 2, 2, 1, 4, CAST(N'2024-09-26T20:48:54.000' AS DateTime))
INSERT [dbo].[Gierki_Ligy_Siatkarskej] ([numer_gry], [cykl_rozgrywki], [id_sedziego], [id_pierwszej_druzyny], [id_drugiej_druzyny], [id_przegrywającej_druzyny], [id_wygrywającej_druzyny], [numer_kortu], [czas_meczu]) VALUES (6, N'Półfinały', 2, 3, 4, 4, 3, 7, CAST(N'2024-11-13T13:57:12.000' AS DateTime))
INSERT [dbo].[Gierki_Ligy_Siatkarskej] ([numer_gry], [cykl_rozgrywki], [id_sedziego], [id_pierwszej_druzyny], [id_drugiej_druzyny], [id_przegrywającej_druzyny], [id_wygrywającej_druzyny], [numer_kortu], [czas_meczu]) VALUES (12, N'Faza grupowa', 1, 1, 2, 2, 1, 4, CAST(N'2024-09-15T18:30:00.000' AS DateTime))
INSERT [dbo].[Gierki_Ligy_Siatkarskej] ([numer_gry], [cykl_rozgrywki], [id_sedziego], [id_pierwszej_druzyny], [id_drugiej_druzyny], [id_przegrywającej_druzyny], [id_wygrywającej_druzyny], [numer_kortu], [czas_meczu]) VALUES (13, N'Półfinały', 2, 3, 4, 4, 3, 3, CAST(N'2024-10-10T14:15:00.000' AS DateTime))
INSERT [dbo].[Gierki_Ligy_Siatkarskej] ([numer_gry], [cykl_rozgrywki], [id_sedziego], [id_pierwszej_druzyny], [id_drugiej_druzyny], [id_przegrywającej_druzyny], [id_wygrywającej_druzyny], [numer_kortu], [czas_meczu]) VALUES (14, N'Ćwierćfinały', 3, 5, 6, 6, 5, 2, CAST(N'2024-11-20T20:00:00.000' AS DateTime))
INSERT [dbo].[Gierki_Ligy_Siatkarskej] ([numer_gry], [cykl_rozgrywki], [id_sedziego], [id_pierwszej_druzyny], [id_drugiej_druzyny], [id_przegrywającej_druzyny], [id_wygrywającej_druzyny], [numer_kortu], [czas_meczu]) VALUES (15, N'Faza grupowa', 4, 7, 8, 8, 7, 1, CAST(N'2024-07-25T17:45:00.000' AS DateTime))
INSERT [dbo].[Gierki_Ligy_Siatkarskej] ([numer_gry], [cykl_rozgrywki], [id_sedziego], [id_pierwszej_druzyny], [id_drugiej_druzyny], [id_przegrywającej_druzyny], [id_wygrywającej_druzyny], [numer_kortu], [czas_meczu]) VALUES (16, N'Finały', 5, 9, 10, 10, 9, 5, CAST(N'2024-12-05T16:30:00.000' AS DateTime))
INSERT [dbo].[Gierki_Ligy_Siatkarskej] ([numer_gry], [cykl_rozgrywki], [id_sedziego], [id_pierwszej_druzyny], [id_drugiej_druzyny], [id_przegrywającej_druzyny], [id_wygrywającej_druzyny], [numer_kortu], [czas_meczu]) VALUES (17, N'Półfinały', 6, 1, 3, 3, 1, 6, CAST(N'2024-08-25T19:20:00.000' AS DateTime))
INSERT [dbo].[Gierki_Ligy_Siatkarskej] ([numer_gry], [cykl_rozgrywki], [id_sedziego], [id_pierwszej_druzyny], [id_drugiej_druzyny], [id_przegrywającej_druzyny], [id_wygrywającej_druzyny], [numer_kortu], [czas_meczu]) VALUES (18, N'Faza grupowa', 7, 2, 4, 4, 2, 7, CAST(N'2024-06-10T15:10:00.000' AS DateTime))
INSERT [dbo].[Gierki_Ligy_Siatkarskej] ([numer_gry], [cykl_rozgrywki], [id_sedziego], [id_pierwszej_druzyny], [id_drugiej_druzyny], [id_przegrywającej_druzyny], [id_wygrywającej_druzyny], [numer_kortu], [czas_meczu]) VALUES (19, N'Ćwierćfinały', 8, 5, 7, 7, 5, 8, CAST(N'2024-05-18T18:50:00.000' AS DateTime))
INSERT [dbo].[Gierki_Ligy_Siatkarskej] ([numer_gry], [cykl_rozgrywki], [id_sedziego], [id_pierwszej_druzyny], [id_drugiej_druzyny], [id_przegrywającej_druzyny], [id_wygrywającej_druzyny], [numer_kortu], [czas_meczu]) VALUES (20, N'Faza grupowa', 9, 8, 10, 10, 8, 9, CAST(N'2024-03-22T14:05:00.000' AS DateTime))
INSERT [dbo].[Gierki_Ligy_Siatkarskej] ([numer_gry], [cykl_rozgrywki], [id_sedziego], [id_pierwszej_druzyny], [id_drugiej_druzyny], [id_przegrywającej_druzyny], [id_wygrywającej_druzyny], [numer_kortu], [czas_meczu]) VALUES (21, N'Finały', 10, 6, 9, 9, 6, 10, CAST(N'2024-04-12T20:45:00.000' AS DateTime))
SET IDENTITY_INSERT [dbo].[Gierki_Ligy_Siatkarskej] OFF
GO
SET IDENTITY_INSERT [dbo].[Gracze] ON 

INSERT [dbo].[Gracze] ([id_gracza], [imie], [nazwisko], [plec], [data_urodzenia], [email], [telefon], [adres], [pozycja]) VALUES (5, N'Ryszard', N'Wons', N'Kobieta', CAST(N'2005-12-22' AS Date), N'oskar42@onet.pl', N'+48 579 304 557', N'al. Błękitna 20\n57-391 Bartoszyce', N'Rezerwowy')
INSERT [dbo].[Gracze] ([id_gracza], [imie], [nazwisko], [plec], [data_urodzenia], [email], [telefon], [adres], [pozycja]) VALUES (6, N'Andrzej', N'Kohut', N'Kobieta', CAST(N'2001-07-05' AS Date), N'bgonsior@o2.pl', N'570 432 738', N'aleja Szarych Szeregów 893\n38-495 Mysłowice', N'Środkowy')
INSERT [dbo].[Gracze] ([id_gracza], [imie], [nazwisko], [plec], [data_urodzenia], [email], [telefon], [adres], [pozycja]) VALUES (7, N'Jakub', N'Szczepan', N'Mężczyzna', CAST(N'1992-09-29' AS Date), N'bobelkornelia@yahoo.com', N'+48 722 360 689', N'aleja Nałkowskiej 48/26\n41-502 Gliwice', N'Atakujący')
INSERT [dbo].[Gracze] ([id_gracza], [imie], [nazwisko], [plec], [data_urodzenia], [email], [telefon], [adres], [pozycja]) VALUES (8, N'Fryderyk', N'Wałek', N'Mężczyzna', CAST(N'1985-06-19' AS Date), N'klosbartek@radzio-jurczuk.net', N'791 720 059', N'ulica Opolska 61/05\n37-456 Siemianowice Śląskie', N'Atakujący')
INSERT [dbo].[Gracze] ([id_gracza], [imie], [nazwisko], [plec], [data_urodzenia], [email], [telefon], [adres], [pozycja]) VALUES (9, N'Igor', N'Józefczak', N'Kobieta', CAST(N'1989-01-22' AS Date), N'radoslaw32@onet.pl', N'+48 734 900 678', N'al. Wiśniowa 024\n79-724 Zielona Góra', N'Rozgrywający')
INSERT [dbo].[Gracze] ([id_gracza], [imie], [nazwisko], [plec], [data_urodzenia], [email], [telefon], [adres], [pozycja]) VALUES (10, N'Paweł', N'Mały', N'Mężczyzna', CAST(N'1990-01-15' AS Date), N'pawel.mały@interia.pl', N'+48 505 708 123', N'pl. Grunwaldzki 15/1\n60-222 Wrocław', N'Libero')
INSERT [dbo].[Gracze] ([id_gracza], [imie], [nazwisko], [plec], [data_urodzenia], [email], [telefon], [adres], [pozycja]) VALUES (11, N'Anna', N'Kołodziej', N'Kobieta', CAST(N'1996-11-03' AS Date), N'anna.kołodziej@gmail.com', N'798 500 708', N'ul. Cicha 2/8\n45-004 Katowice', N'Przyjmujący')
INSERT [dbo].[Gracze] ([id_gracza], [imie], [nazwisko], [plec], [data_urodzenia], [email], [telefon], [adres], [pozycja]) VALUES (12, N'Marcin', N'Wrona', N'Mężczyzna', CAST(N'1993-06-19' AS Date), N'marcin.wrona@yahoo.com', N'+48 725 200 630', N'ul. Zacisze 14/4\n85-002 Bydgoszcz', N'Rozgrywający')
INSERT [dbo].[Gracze] ([id_gracza], [imie], [nazwisko], [plec], [data_urodzenia], [email], [telefon], [adres], [pozycja]) VALUES (13, N'Barbara', N'Maj', N'Kobieta', CAST(N'1998-04-24' AS Date), N'barbara.maj@wp.pl', N'+48 790 300 700', N'al. Mickiewicza 34/2\n30-059 Kraków', N'Atakujący')
INSERT [dbo].[Gracze] ([id_gracza], [imie], [nazwisko], [plec], [data_urodzenia], [email], [telefon], [adres], [pozycja]) VALUES (14, N'Krzysztof', N'Nowak', N'Mężczyzna', CAST(N'1987-12-07' AS Date), N'krzysztof.nowak@hotmail.com', N'+48 602 450 321', N'ul. Różana 12\n50-528 Wrocław', N'Środkowy')
INSERT [dbo].[Gracze] ([id_gracza], [imie], [nazwisko], [plec], [data_urodzenia], [email], [telefon], [adres], [pozycja]) VALUES (15, N'Monika', N'Król', N'Kobieta', CAST(N'1995-09-12' AS Date), N'monika.krol@gmail.com', N'+48 608 123 456', N'al. Spacerowa 10/3\n25-050 Kielce', N'Libero')
INSERT [dbo].[Gracze] ([id_gracza], [imie], [nazwisko], [plec], [data_urodzenia], [email], [telefon], [adres], [pozycja]) VALUES (16, N'Damian', N'Lis', N'Mężczyzna', CAST(N'1994-08-19' AS Date), N'damian.lis@hotmail.com', N'601 223 789', N'ul. Kwiatowa 7\n45-678 Toruń', N'Atakujący')
INSERT [dbo].[Gracze] ([id_gracza], [imie], [nazwisko], [plec], [data_urodzenia], [email], [telefon], [adres], [pozycja]) VALUES (17, N'Elżbieta', N'Nowicka', N'Kobieta', CAST(N'1993-05-14' AS Date), N'elzbieta.nowicka@o2.pl', N'+48 700 432 123', N'pl. Łąkowa 5\n35-210 Lublin', N'Przyjmujący')
INSERT [dbo].[Gracze] ([id_gracza], [imie], [nazwisko], [plec], [data_urodzenia], [email], [telefon], [adres], [pozycja]) VALUES (18, N'Karol', N'Wiśniewski', N'Mężczyzna', CAST(N'1992-12-01' AS Date), N'karol.wisniewski@wp.pl', N'+48 790 654 321', N'ul. Słoneczna 12\n85-210 Olsztyn', N'Rozgrywający')
INSERT [dbo].[Gracze] ([id_gracza], [imie], [nazwisko], [plec], [data_urodzenia], [email], [telefon], [adres], [pozycja]) VALUES (19, N'Patrycja', N'Kowalska', N'Kobieta', CAST(N'1998-03-22' AS Date), N'patrycja.kowalska@gmail.com', N'+48 510 890 321', N'pl. Wolności 8/1\n75-890 Szczecin', N'Środkowy')
INSERT [dbo].[Gracze] ([id_gracza], [imie], [nazwisko], [plec], [data_urodzenia], [email], [telefon], [adres], [pozycja]) VALUES (20, N'Tomasz', N'Zieliński', N'Mężczyzna', CAST(N'1990-10-15' AS Date), N'tomasz.zielinski@interia.pl', N'601 222 555', N'ul. Długa 23\n45-320 Kraków', N'Libero')
INSERT [dbo].[Gracze] ([id_gracza], [imie], [nazwisko], [plec], [data_urodzenia], [email], [telefon], [adres], [pozycja]) VALUES (21, N'Agnieszka', N'Sobczak', N'Kobieta', CAST(N'1991-06-03' AS Date), N'agnieszka.sobczak@wp.pl', N'+48 720 111 987', N'pl. Chmielna 11\n78-410 Radom', N'Rezerwowy')
INSERT [dbo].[Gracze] ([id_gracza], [imie], [nazwisko], [plec], [data_urodzenia], [email], [telefon], [adres], [pozycja]) VALUES (22, N'Piotr', N'Krawczyk', N'Mężczyzna', CAST(N'1985-11-18' AS Date), N'piotr.krawczyk@gmail.com', N'601 890 123', N'al. Gdańska 5\n35-098 Gdańsk', N'Atakujący')
INSERT [dbo].[Gracze] ([id_gracza], [imie], [nazwisko], [plec], [data_urodzenia], [email], [telefon], [adres], [pozycja]) VALUES (23, N'Kasia', N'Włodarczyk', N'Kobieta', CAST(N'1997-07-09' AS Date), N'kasia.wlodarczyk@onet.pl', N'600 321 555', N'ul. Polna 3/4\n50-001 Wrocław', N'Rozgrywający')
INSERT [dbo].[Gracze] ([id_gracza], [imie], [nazwisko], [plec], [data_urodzenia], [email], [telefon], [adres], [pozycja]) VALUES (24, N'Maciej', N'Lewandowski', N'Mężczyzna', CAST(N'1990-04-11' AS Date), N'maciej.lewandowski@wp.pl', N'+48 890 555 321', N'pl. Krótka 1/2\n65-110 Poznań', N'Przyjmujący')
INSERT [dbo].[Gracze] ([id_gracza], [imie], [nazwisko], [plec], [data_urodzenia], [email], [telefon], [adres], [pozycja]) VALUES (25, N'Daria', N'Sikora', N'Kobieta', CAST(N'1994-02-20' AS Date), N'daria.sikora@interia.pl', N'+48 750 321 654', N'ul. Leśna 12\n45-678 Gdynia', N'Libero')
INSERT [dbo].[Gracze] ([id_gracza], [imie], [nazwisko], [plec], [data_urodzenia], [email], [telefon], [adres], [pozycja]) VALUES (26, N'Michał', N'Gajda', N'Mężczyzna', CAST(N'1995-06-15' AS Date), N'michal.gajda@gmail.com', N'601 678 555', N'pl. Słoneczna 2\n40-321 Bytom', N'Rozgrywający')
INSERT [dbo].[Gracze] ([id_gracza], [imie], [nazwisko], [plec], [data_urodzenia], [email], [telefon], [adres], [pozycja]) VALUES (27, N'Barbara', N'Lisowska', N'Kobieta', CAST(N'1987-08-10' AS Date), N'barbara.lisowska@onet.pl', N'600 999 333', N'al. Piękna 5\n50-450 Łódź', N'Atakujący')
INSERT [dbo].[Gracze] ([id_gracza], [imie], [nazwisko], [plec], [data_urodzenia], [email], [telefon], [adres], [pozycja]) VALUES (28, N'Damian', N'Nowak', N'Mężczyzna', CAST(N'1988-12-25' AS Date), N'damian.nowak@wp.pl', N'+48 800 222 555', N'ul. Krakowska 8\n30-223 Tarnów', N'Środkowy')
INSERT [dbo].[Gracze] ([id_gracza], [imie], [nazwisko], [plec], [data_urodzenia], [email], [telefon], [adres], [pozycja]) VALUES (29, N'Patrycja', N'Kruk', N'Kobieta', CAST(N'1992-04-30' AS Date), N'patrycja.kruk@hotmail.com', N'700 456 789', N'pl. Zacisze 3\n75-234 Koszalin', N'Rezerwowy')
INSERT [dbo].[Gracze] ([id_gracza], [imie], [nazwisko], [plec], [data_urodzenia], [email], [telefon], [adres], [pozycja]) VALUES (30, N'Jakub', N'Grabowski', N'Mężczyzna', CAST(N'1989-11-12' AS Date), N'jakub.grabowski@yahoo.com', N'600 555 987', N'ul. Spacerowa 6\n78-890 Szczecin', N'Libero')
INSERT [dbo].[Gracze] ([id_gracza], [imie], [nazwisko], [plec], [data_urodzenia], [email], [telefon], [adres], [pozycja]) VALUES (31, N'Karolina', N'Kowal', N'Kobieta', CAST(N'1997-03-07' AS Date), N'karolina.kowal@gmail.com', N'+48 670 234 111', N'al. Grunwaldzka 7\n65-001 Zielona Góra', N'Atakujący')
INSERT [dbo].[Gracze] ([id_gracza], [imie], [nazwisko], [plec], [data_urodzenia], [email], [telefon], [adres], [pozycja]) VALUES (32, N'Tomasz', N'Wysocki', N'Mężczyzna', CAST(N'1990-01-29' AS Date), N'tomasz.wysocki@o2.pl', N'700 123 789', N'ul. Polna 4\n88-001 Toruń', N'Środkowy')
INSERT [dbo].[Gracze] ([id_gracza], [imie], [nazwisko], [plec], [data_urodzenia], [email], [telefon], [adres], [pozycja]) VALUES (33, N'Anna', N'Kochańska', N'Kobieta', CAST(N'1996-05-23' AS Date), N'anna.kochanska@gmail.com', N'+48 560 876 555', N'pl. Łąkowa 5\n90-234 Wrocław', N'Rozgrywający')
INSERT [dbo].[Gracze] ([id_gracza], [imie], [nazwisko], [plec], [data_urodzenia], [email], [telefon], [adres], [pozycja]) VALUES (34, N'Paweł', N'Śliwa', N'Mężczyzna', CAST(N'1993-10-10' AS Date), N'pawel.sliwa@onet.pl', N'601 333 789', N'ul. Zielona 2\n50-210 Łódź', N'Rezerwowy')
INSERT [dbo].[Gracze] ([id_gracza], [imie], [nazwisko], [plec], [data_urodzenia], [email], [telefon], [adres], [pozycja]) VALUES (35, N'Agnieszka', N'Bąk', N'Kobieta', CAST(N'1991-09-17' AS Date), N'agnieszka.bak@gmail.com', N'700 222 111', N'ul. Stroma 6\n65-890 Opole', N'Libero')
INSERT [dbo].[Gracze] ([id_gracza], [imie], [nazwisko], [plec], [data_urodzenia], [email], [telefon], [adres], [pozycja]) VALUES (36, N'Maciej', N'Kołodziej', N'Mężczyzna', CAST(N'1992-12-31' AS Date), N'maciej.kolodziej@wp.pl', N'+48 670 555 888', N'al. Miodowa 4\n78-890 Szczecin', N'Atakujący')
INSERT [dbo].[Gracze] ([id_gracza], [imie], [nazwisko], [plec], [data_urodzenia], [email], [telefon], [adres], [pozycja]) VALUES (37, N'Maria', N'Wiśniewska', N'Kobieta', CAST(N'1995-04-12' AS Date), N'maria.wisniewska@interia.pl', N'800 123 555', N'pl. Wolności 2\n45-120 Kraków', N'Rozgrywający')
INSERT [dbo].[Gracze] ([id_gracza], [imie], [nazwisko], [plec], [data_urodzenia], [email], [telefon], [adres], [pozycja]) VALUES (38, N'Krzysztof', N'Nowakowski', N'Mężczyzna', CAST(N'1993-08-08' AS Date), N'krzysztof.nowakowski@hotmail.com', N'601 111 999', N'al. Leśna 5\n40-223 Rzeszów', N'Środkowy')
INSERT [dbo].[Gracze] ([id_gracza], [imie], [nazwisko], [plec], [data_urodzenia], [email], [telefon], [adres], [pozycja]) VALUES (39, N'Dominika', N'Lewandowska', N'Kobieta', CAST(N'1990-06-19' AS Date), N'dominika.lewandowska@onet.pl', N'+48 770 432 876', N'pl. Grunwaldzki 12\n45-567 Gdańsk', N'Przyjmujący')
INSERT [dbo].[Gracze] ([id_gracza], [imie], [nazwisko], [plec], [data_urodzenia], [email], [telefon], [adres], [pozycja]) VALUES (40, N'Bartłomiej', N'Sadowski', N'Mężczyzna', CAST(N'1991-05-15' AS Date), N'bartlomiej.sadowski@gmail.com', N'601 876 555', N'ul. Warszawska 10\n30-200 Warszawa', N'Atakujący')
INSERT [dbo].[Gracze] ([id_gracza], [imie], [nazwisko], [plec], [data_urodzenia], [email], [telefon], [adres], [pozycja]) VALUES (41, N'Justyna', N'Król', N'Kobieta', CAST(N'1989-10-30' AS Date), N'justyna.krol@wp.pl', N'700 999 123', N'pl. Zacisze 4\n78-223 Koszalin', N'Libero')
INSERT [dbo].[Gracze] ([id_gracza], [imie], [nazwisko], [plec], [data_urodzenia], [email], [telefon], [adres], [pozycja]) VALUES (42, N'Andrzej', N'Czerwiński', N'Mężczyzna', CAST(N'1994-03-27' AS Date), N'andrzej.czerwinski@gmail.com', N'+48 880 234 456', N'ul. Długa 11\n40-120 Katowice', N'Rezerwowy')
INSERT [dbo].[Gracze] ([id_gracza], [imie], [nazwisko], [plec], [data_urodzenia], [email], [telefon], [adres], [pozycja]) VALUES (43, N'Aleksandra', N'Kowalik', N'Kobieta', CAST(N'1997-11-21' AS Date), N'aleksandra.kowalik@wp.pl', N'700 567 111', N'pl. Spacerowa 3\n88-456 Poznań', N'Środkowy')
INSERT [dbo].[Gracze] ([id_gracza], [imie], [nazwisko], [plec], [data_urodzenia], [email], [telefon], [adres], [pozycja]) VALUES (44, N'Łukasz', N'Lis', N'Mężczyzna', CAST(N'1990-02-14' AS Date), N'lukasz.lis@gmail.com', N'+48 790 432 555', N'al. Kwiatowa 2\n65-678 Olsztyn', N'Libero')
INSERT [dbo].[Gracze] ([id_gracza], [imie], [nazwisko], [plec], [data_urodzenia], [email], [telefon], [adres], [pozycja]) VALUES (45, N'Natalia', N'Michalska', N'Kobieta', CAST(N'1994-07-21' AS Date), N'natalia.michalska@interia.pl', N'+48 800 567 234', N'ul. Różana 8\n50-321 Kraków', N'Przyjmujący')
INSERT [dbo].[Gracze] ([id_gracza], [imie], [nazwisko], [plec], [data_urodzenia], [email], [telefon], [adres], [pozycja]) VALUES (46, N'Mariusz', N'Żurek', N'Mężczyzna', CAST(N'1995-05-18' AS Date), N'mariusz.zurek@hotmail.com', N'601 987 123', N'pl. Słoneczna 6\n75-890 Szczecin', N'Środkowy')
INSERT [dbo].[Gracze] ([id_gracza], [imie], [nazwisko], [plec], [data_urodzenia], [email], [telefon], [adres], [pozycja]) VALUES (47, N'Beata', N'Szulc', N'Kobieta', CAST(N'1992-12-04' AS Date), N'beata.szulc@onet.pl', N'+48 600 876 555', N'ul. Zaciszna 12\n35-200 Radom', N'Libero')
INSERT [dbo].[Gracze] ([id_gracza], [imie], [nazwisko], [plec], [data_urodzenia], [email], [telefon], [adres], [pozycja]) VALUES (48, N'Paweł', N'Zając', N'Mężczyzna', CAST(N'1989-01-29' AS Date), N'pawel.zajac@gmail.com', N'601 222 888', N'al. Spacerowa 3\n45-200 Katowice', N'Atakujący')
INSERT [dbo].[Gracze] ([id_gracza], [imie], [nazwisko], [plec], [data_urodzenia], [email], [telefon], [adres], [pozycja]) VALUES (49, N'Marta', N'Krupa', N'Kobieta', CAST(N'1991-11-11' AS Date), N'marta.krupa@wp.pl', N'+48 720 333 444', N'pl. Zacisze 5\n60-123 Wrocław', N'Rozgrywający')
INSERT [dbo].[Gracze] ([id_gracza], [imie], [nazwisko], [plec], [data_urodzenia], [email], [telefon], [adres], [pozycja]) VALUES (50, N'Kamil', N'Grabowski', N'Mężczyzna', CAST(N'1990-10-25' AS Date), N'kamil.grabowski@interia.pl', N'700 555 666', N'ul. Leśna 8\n35-345 Lublin', N'Przyjmujący')
INSERT [dbo].[Gracze] ([id_gracza], [imie], [nazwisko], [plec], [data_urodzenia], [email], [telefon], [adres], [pozycja]) VALUES (51, N'Katarzyna', N'Czarnecka', N'Kobieta', CAST(N'1993-06-30' AS Date), N'katarzyna.czarnecka@gmail.com', N'601 111 222', N'al. Zielona 2\n45-456 Poznań', N'Środkowy')
INSERT [dbo].[Gracze] ([id_gracza], [imie], [nazwisko], [plec], [data_urodzenia], [email], [telefon], [adres], [pozycja]) VALUES (52, N'Łukasz', N'Mazurek', N'Mężczyzna', CAST(N'1994-09-03' AS Date), N'lukasz.mazurek@wp.pl', N'+48 720 999 123', N'pl. Miodowa 6\n50-890 Opole', N'Libero')
INSERT [dbo].[Gracze] ([id_gracza], [imie], [nazwisko], [plec], [data_urodzenia], [email], [telefon], [adres], [pozycja]) VALUES (53, N'Julia', N'Kwiatkowska', N'Kobieta', CAST(N'1996-08-17' AS Date), N'julia.kwiatkowska@onet.pl', N'700 222 555', N'ul. Zacisze 11\n35-234 Gdynia', N'Rozgrywający')
INSERT [dbo].[Gracze] ([id_gracza], [imie], [nazwisko], [plec], [data_urodzenia], [email], [telefon], [adres], [pozycja]) VALUES (54, N'Tomasz', N'Pietrzak', N'Mężczyzna', CAST(N'1992-04-14' AS Date), N'tomasz.pietrzak@gmail.com', N'601 555 444', N'pl. Spacerowa 9\n30-120 Kraków', N'Atakujący')
INSERT [dbo].[Gracze] ([id_gracza], [imie], [nazwisko], [plec], [data_urodzenia], [email], [telefon], [adres], [pozycja]) VALUES (55, N'Ewelina', N'Jankowska', N'Kobieta', CAST(N'1991-03-12' AS Date), N'ewelina.jankowska@interia.pl', N'+48 670 333 777', N'ul. Kwiatowa 4\n65-789 Zielona Góra', N'Przyjmujący')
INSERT [dbo].[Gracze] ([id_gracza], [imie], [nazwisko], [plec], [data_urodzenia], [email], [telefon], [adres], [pozycja]) VALUES (56, N'Maciej', N'Stasiak', N'Mężczyzna', CAST(N'1987-07-30' AS Date), N'maciej.stasiak@hotmail.com', N'601 333 555', N'pl. Tęczowa 7\n75-890 Szczecin', N'Środkowy')
INSERT [dbo].[Gracze] ([id_gracza], [imie], [nazwisko], [plec], [data_urodzenia], [email], [telefon], [adres], [pozycja]) VALUES (57, N'Karolina', N'Szymańska', N'Kobieta', CAST(N'1995-11-25' AS Date), N'karolina.szymanska@wp.pl', N'+48 800 222 999', N'ul. Zaciszna 12\n45-456 Opole', N'Libero')
INSERT [dbo].[Gracze] ([id_gracza], [imie], [nazwisko], [plec], [data_urodzenia], [email], [telefon], [adres], [pozycja]) VALUES (58, N'Piotr', N'Wojciechowski', N'Mężczyzna', CAST(N'1990-02-18' AS Date), N'piotr.wojciechowski@gmail.com', N'700 123 987', N'al. Spacerowa 5\n35-678 Rzeszów', N'Atakujący')
INSERT [dbo].[Gracze] ([id_gracza], [imie], [nazwisko], [plec], [data_urodzenia], [email], [telefon], [adres], [pozycja]) VALUES (59, N'Barbara', N'Kamińska', N'Kobieta', CAST(N'1989-09-09' AS Date), N'barbara.kaminska@onet.pl', N'601 222 333', N'ul. Leśna 3\n50-234 Poznań', N'Rozgrywający')
INSERT [dbo].[Gracze] ([id_gracza], [imie], [nazwisko], [plec], [data_urodzenia], [email], [telefon], [adres], [pozycja]) VALUES (60, N'Krzysztof', N'Sobolewski', N'Mężczyzna', CAST(N'1994-08-15' AS Date), N'krzysztof.sobolewski@wp.pl', N'+48 800 999 123', N'pl. Zacisze 4\n60-567 Gdańsk', N'Przyjmujący')
INSERT [dbo].[Gracze] ([id_gracza], [imie], [nazwisko], [plec], [data_urodzenia], [email], [telefon], [adres], [pozycja]) VALUES (61, N'Magdalena', N'Zielińska', N'Kobieta', CAST(N'1993-12-20' AS Date), N'magdalena.zielinska@gmail.com', N'601 555 444', N'al. Miodowa 6\n35-890 Warszawa', N'Środkowy')
INSERT [dbo].[Gracze] ([id_gracza], [imie], [nazwisko], [plec], [data_urodzenia], [email], [telefon], [adres], [pozycja]) VALUES (62, N'Adam', N'Kowalczyk', N'Mężczyzna', CAST(N'1988-06-01' AS Date), N'adam.kowalczyk@interia.pl', N'700 888 111', N'pl. Zielona 3\n40-123 Kraków', N'Libero')
INSERT [dbo].[Gracze] ([id_gracza], [imie], [nazwisko], [plec], [data_urodzenia], [email], [telefon], [adres], [pozycja]) VALUES (63, N'Aleksandra', N'Wiśniewska', N'Kobieta', CAST(N'1991-05-08' AS Date), N'aleksandra.wisniewska@onet.pl', N'+48 670 777 888', N'ul. Warszawska 9\n65-234 Łódź', N'Rozgrywający')
INSERT [dbo].[Gracze] ([id_gracza], [imie], [nazwisko], [plec], [data_urodzenia], [email], [telefon], [adres], [pozycja]) VALUES (64, N'Marek', N'Lewandowski', N'Mężczyzna', CAST(N'1992-07-19' AS Date), N'marek.lewandowski@wp.pl', N'601 111 444', N'pl. Zacisze 12\n75-890 Szczecin', N'Przyjmujący')
INSERT [dbo].[Gracze] ([id_gracza], [imie], [nazwisko], [plec], [data_urodzenia], [email], [telefon], [adres], [pozycja]) VALUES (65, N'Dorota', N'Pawłowska', N'Kobieta', CAST(N'1990-12-01' AS Date), N'dorota.pawlowska@interia.pl', N'+48 800 222 456', N'ul. Kwiatowa 8\n30-123 Kraków', N'Środkowy')
INSERT [dbo].[Gracze] ([id_gracza], [imie], [nazwisko], [plec], [data_urodzenia], [email], [telefon], [adres], [pozycja]) VALUES (66, N'Tomasz', N'Górski', N'Mężczyzna', CAST(N'1989-01-15' AS Date), N'tomasz.gorski@wp.pl', N'601 333 789', N'al. Zacisze 6\n40-234 Rzeszów', N'Libero')
INSERT [dbo].[Gracze] ([id_gracza], [imie], [nazwisko], [plec], [data_urodzenia], [email], [telefon], [adres], [pozycja]) VALUES (67, N'Natalia', N'Zawadzka', N'Kobieta', CAST(N'1991-08-22' AS Date), N'natalia.zawadzka@onet.pl', N'+48 670 555 987', N'pl. Warszawska 7\n35-678 Lublin', N'Rozgrywający')
INSERT [dbo].[Gracze] ([id_gracza], [imie], [nazwisko], [plec], [data_urodzenia], [email], [telefon], [adres], [pozycja]) VALUES (68, N'Piotr', N'Czarnecki', N'Mężczyzna', CAST(N'1988-09-17' AS Date), N'piotr.czarnecki@gmail.com', N'700 888 444', N'ul. Grunwaldzka 3\n50-234 Łódź', N'Przyjmujący')
INSERT [dbo].[Gracze] ([id_gracza], [imie], [nazwisko], [plec], [data_urodzenia], [email], [telefon], [adres], [pozycja]) VALUES (69, N'Ewa', N'Jaworska', N'Kobieta', CAST(N'1995-07-29' AS Date), N'ewa.jaworska@interia.pl', N'601 444 333', N'al. Miodowa 5\n45-456 Szczecin', N'Środkowy')
INSERT [dbo].[Gracze] ([id_gracza], [imie], [nazwisko], [plec], [data_urodzenia], [email], [telefon], [adres], [pozycja]) VALUES (70, N'Marcin', N'Mazur', N'Mężczyzna', CAST(N'1992-03-18' AS Date), N'marcin.mazur@hotmail.com', N'+48 800 111 789', N'ul. Zaciszna 8\n65-890 Zielona Góra', N'Libero')
INSERT [dbo].[Gracze] ([id_gracza], [imie], [nazwisko], [plec], [data_urodzenia], [email], [telefon], [adres], [pozycja]) VALUES (71, N'Anna', N'Wróblewska', N'Kobieta', CAST(N'1993-06-27' AS Date), N'anna.wroblewska@gmail.com', N'700 999 222', N'pl. Spacerowa 10\n30-567 Kraków', N'Atakujący')
INSERT [dbo].[Gracze] ([id_gracza], [imie], [nazwisko], [plec], [data_urodzenia], [email], [telefon], [adres], [pozycja]) VALUES (72, N'Kamil', N'Kwiatkowski', N'Mężczyzna', CAST(N'1991-11-08' AS Date), N'kamil.kwiatkowski@wp.pl', N'+48 670 222 555', N'al. Zacisze 3\n40-890 Opole', N'Rozgrywający')
INSERT [dbo].[Gracze] ([id_gracza], [imie], [nazwisko], [plec], [data_urodzenia], [email], [telefon], [adres], [pozycja]) VALUES (73, N'Agnieszka', N'Kowalczyk', N'Kobieta', CAST(N'1994-09-15' AS Date), N'agnieszka.kowalczyk@onet.pl', N'601 567 789', N'pl. Kwiatowa 12\n50-234 Poznań', N'Przyjmujący')
INSERT [dbo].[Gracze] ([id_gracza], [imie], [nazwisko], [plec], [data_urodzenia], [email], [telefon], [adres], [pozycja]) VALUES (74, N'Łukasz', N'Pietrzak', N'Mężczyzna', CAST(N'1987-05-25' AS Date), N'lukasz.pietrzak@interia.pl', N'+48 800 789 123', N'ul. Warszawska 6\n35-890 Szczecin', N'Środkowy')
INSERT [dbo].[Gracze] ([id_gracza], [imie], [nazwisko], [plec], [data_urodzenia], [email], [telefon], [adres], [pozycja]) VALUES (75, N'Paulina', N'Lewicka', N'Kobieta', CAST(N'1990-06-11' AS Date), N'paulina.lewicka@gmail.com', N'+48 700 444 555', N'pl. Grunwaldzka 5\n30-123 Kraków', N'Libero')
INSERT [dbo].[Gracze] ([id_gracza], [imie], [nazwisko], [plec], [data_urodzenia], [email], [telefon], [adres], [pozycja]) VALUES (76, N'Michał', N'Kamiński', N'Mężczyzna', CAST(N'1989-03-19' AS Date), N'michal.kaminski@onet.pl', N'601 333 111', N'ul. Spacerowa 9\n50-456 Opole', N'Rozgrywający')
INSERT [dbo].[Gracze] ([id_gracza], [imie], [nazwisko], [plec], [data_urodzenia], [email], [telefon], [adres], [pozycja]) VALUES (77, N'Karolina', N'Nowakowska', N'Kobieta', CAST(N'1995-08-13' AS Date), N'karolina.nowakowska@interia.pl', N'700 567 222', N'pl. Miodowa 8\n45-678 Rzeszów', N'Przyjmujący')
INSERT [dbo].[Gracze] ([id_gracza], [imie], [nazwisko], [plec], [data_urodzenia], [email], [telefon], [adres], [pozycja]) VALUES (78, N'Piotr', N'Kaczmarek', N'Mężczyzna', CAST(N'1994-04-03' AS Date), N'piotr.kaczmarek@gmail.com', N'+48 670 789 111', N'al. Warszawska 7\n60-123 Gdynia', N'Środkowy')
INSERT [dbo].[Gracze] ([id_gracza], [imie], [nazwisko], [plec], [data_urodzenia], [email], [telefon], [adres], [pozycja]) VALUES (79, N'Barbara', N'Jasińska', N'Kobieta', CAST(N'1991-07-07' AS Date), N'barbara.jasinska@wp.pl', N'601 999 456', N'pl. Spacerowa 6\n35-678 Kraków', N'Libero')
INSERT [dbo].[Gracze] ([id_gracza], [imie], [nazwisko], [plec], [data_urodzenia], [email], [telefon], [adres], [pozycja]) VALUES (80, N'Krzysztof', N'Malinowski', N'Mężczyzna', CAST(N'1993-10-20' AS Date), N'krzysztof.malinowski@hotmail.com', N'+48 800 111 666', N'ul. Grunwaldzka 8\n40-123 Poznań', N'Atakujący')
INSERT [dbo].[Gracze] ([id_gracza], [imie], [nazwisko], [plec], [data_urodzenia], [email], [telefon], [adres], [pozycja]) VALUES (81, N'Magdalena', N'Zawisza', N'Kobieta', CAST(N'1989-02-14' AS Date), N'magdalena.zawisza@onet.pl', N'700 888 333', N'al. Zacisze 5\n50-456 Zielona Góra', N'Środkowy')
INSERT [dbo].[Gracze] ([id_gracza], [imie], [nazwisko], [plec], [data_urodzenia], [email], [telefon], [adres], [pozycja]) VALUES (82, N'Adam', N'Lisowski', N'Mężczyzna', CAST(N'1991-11-02' AS Date), N'adam.lisowski@interia.pl', N'+48 670 222 444', N'ul. Leśna 7\n30-456 Łódź', N'Libero')
INSERT [dbo].[Gracze] ([id_gracza], [imie], [nazwisko], [plec], [data_urodzenia], [email], [telefon], [adres], [pozycja]) VALUES (83, N'Aleksandra', N'Jastrzębska', N'Kobieta', CAST(N'1994-12-12' AS Date), N'aleksandra.jastrzebska@gmail.com', N'601 567 999', N'pl. Warszawska 10\n35-678 Wrocław', N'Przyjmujący')
INSERT [dbo].[Gracze] ([id_gracza], [imie], [nazwisko], [plec], [data_urodzenia], [email], [telefon], [adres], [pozycja]) VALUES (84, N'Marek', N'Kozłowski', N'Mężczyzna', CAST(N'1992-06-17' AS Date), N'marek.kozlowski@wp.pl', N'+48 800 333 567', N'al. Miodowa 9\n45-890 Szczecin', N'Rozgrywający')
INSERT [dbo].[Gracze] ([id_gracza], [imie], [nazwisko], [plec], [data_urodzenia], [email], [telefon], [adres], [pozycja]) VALUES (85, N'Ewelina', N'Piątkowska', N'Kobieta', CAST(N'1991-09-17' AS Date), N'ewelina.piatkowska@wp.pl', N'+48 800 567 999', N'ul. Zaciszna 12\n50-456 Opole', N'Libero')
INSERT [dbo].[Gracze] ([id_gracza], [imie], [nazwisko], [plec], [data_urodzenia], [email], [telefon], [adres], [pozycja]) VALUES (86, N'Maciej', N'Sikorski', N'Mężczyzna', CAST(N'1992-12-31' AS Date), N'maciej.sikorski@interia.pl', N'601 333 555', N'al. Grunwaldzka 3\n30-567 Kraków', N'Atakujący')
INSERT [dbo].[Gracze] ([id_gracza], [imie], [nazwisko], [plec], [data_urodzenia], [email], [telefon], [adres], [pozycja]) VALUES (87, N'Maria', N'Żurawska', N'Kobieta', CAST(N'1995-04-12' AS Date), N'maria.zurawska@gmail.com', N'+48 700 444 666', N'pl. Warszawska 7\n35-678 Lublin', N'Rozgrywający')
INSERT [dbo].[Gracze] ([id_gracza], [imie], [nazwisko], [plec], [data_urodzenia], [email], [telefon], [adres], [pozycja]) VALUES (88, N'Krzysztof', N'Pawlak', N'Mężczyzna', CAST(N'1993-08-08' AS Date), N'krzysztof.pawlak@hotmail.com', N'601 111 888', N'ul. Spacerowa 6\n60-123 Gdynia', N'Środkowy')
INSERT [dbo].[Gracze] ([id_gracza], [imie], [nazwisko], [plec], [data_urodzenia], [email], [telefon], [adres], [pozycja]) VALUES (89, N'Dominika', N'Górna', N'Kobieta', CAST(N'1990-06-19' AS Date), N'dominika.gorna@onet.pl', N'+48 800 333 444', N'pl. Zielona 8\n45-678 Szczecin', N'Przyjmujący')
INSERT [dbo].[Gracze] ([id_gracza], [imie], [nazwisko], [plec], [data_urodzenia], [email], [telefon], [adres], [pozycja]) VALUES (90, N'Bartłomiej', N'Sokołowski', N'Mężczyzna', CAST(N'1991-05-15' AS Date), N'bartlomiej.sokolowski@gmail.com', N'+48 670 999 123', N'al. Warszawska 9\n50-456 Poznań', N'Atakujący')
INSERT [dbo].[Gracze] ([id_gracza], [imie], [nazwisko], [plec], [data_urodzenia], [email], [telefon], [adres], [pozycja]) VALUES (91, N'Justyna', N'Świątek', N'Kobieta', CAST(N'1989-10-30' AS Date), N'justyna.swiatek@interia.pl', N'700 888 555', N'pl. Spacerowa 5\n35-890 Kraków', N'Libero')
INSERT [dbo].[Gracze] ([id_gracza], [imie], [nazwisko], [plec], [data_urodzenia], [email], [telefon], [adres], [pozycja]) VALUES (92, N'Andrzej', N'Ciesielski', N'Mężczyzna', CAST(N'1994-03-27' AS Date), N'andrzej.ciesielski@wp.pl', N'+48 800 222 567', N'al. Zacisze 6\n40-123 Łódź', N'Rozgrywający')
INSERT [dbo].[Gracze] ([id_gracza], [imie], [nazwisko], [plec], [data_urodzenia], [email], [telefon], [adres], [pozycja]) VALUES (93, N'Aleksandra', N'Barańska', N'Kobieta', CAST(N'1997-11-21' AS Date), N'aleksandra.baranska@gmail.com', N'601 123 999', N'pl. Zacisze 3\n35-678 Rzeszów', N'Przyjmujący')
INSERT [dbo].[Gracze] ([id_gracza], [imie], [nazwisko], [plec], [data_urodzenia], [email], [telefon], [adres], [pozycja]) VALUES (94, N'Łukasz', N'Chmielewski', N'Mężczyzna', CAST(N'1990-02-14' AS Date), N'lukasz.chmielewski@hotmail.com', N'+48 670 444 111', N'al. Zielona 7\n45-456 Gdynia', N'Środkowy')
INSERT [dbo].[Gracze] ([id_gracza], [imie], [nazwisko], [plec], [data_urodzenia], [email], [telefon], [adres], [pozycja]) VALUES (95, N'Paulina', N'Urban', N'Kobieta', CAST(N'1990-06-11' AS Date), N'paulina.urban@onet.pl', N'700 123 999', N'ul. Miodowa 3\n30-567 Kraków', N'Libero')
INSERT [dbo].[Gracze] ([id_gracza], [imie], [nazwisko], [plec], [data_urodzenia], [email], [telefon], [adres], [pozycja]) VALUES (96, N'Michał', N'Tomaszewski', N'Mężczyzna', CAST(N'1989-03-19' AS Date), N'michal.tomaszewski@wp.pl', N'+48 800 444 567', N'pl. Warszawska 8\n40-234 Rzeszów', N'Rozgrywający')
INSERT [dbo].[Gracze] ([id_gracza], [imie], [nazwisko], [plec], [data_urodzenia], [email], [telefon], [adres], [pozycja]) VALUES (97, N'Karolina', N'Kot', N'Kobieta', CAST(N'1995-08-13' AS Date), N'karolina.kot@interia.pl', N'601 999 333', N'al. Zacisze 9\n35-890 Gdynia', N'Przyjmujący')
INSERT [dbo].[Gracze] ([id_gracza], [imie], [nazwisko], [plec], [data_urodzenia], [email], [telefon], [adres], [pozycja]) VALUES (98, N'Piotr', N'Kaleta', N'Mężczyzna', CAST(N'1994-04-03' AS Date), N'piotr.kaleta@gmail.com', N'+48 670 555 999', N'pl. Zielona 4\n45-567 Szczecin', N'Środkowy')
INSERT [dbo].[Gracze] ([id_gracza], [imie], [nazwisko], [plec], [data_urodzenia], [email], [telefon], [adres], [pozycja]) VALUES (99, N'Barbara', N'Orłowska', N'Kobieta', CAST(N'1991-07-07' AS Date), N'barbara.orlowska@wp.pl', N'601 111 567', N'ul. Spacerowa 2\n50-234 Kraków', N'Libero')
INSERT [dbo].[Gracze] ([id_gracza], [imie], [nazwisko], [plec], [data_urodzenia], [email], [telefon], [adres], [pozycja]) VALUES (100, N'Krzysztof', N'Wasilewski', N'Mężczyzna', CAST(N'1993-10-20' AS Date), N'krzysztof.wasilewski@gmail.com', N'+48 800 123 444', N'pl. Zacisze 5\n35-678 Łódź', N'Atakujący')
INSERT [dbo].[Gracze] ([id_gracza], [imie], [nazwisko], [plec], [data_urodzenia], [email], [telefon], [adres], [pozycja]) VALUES (101, N'Magdalena', N'Rutkowska', N'Kobieta', CAST(N'1989-02-14' AS Date), N'magdalena.rutkowska@onet.pl', N'700 888 111', N'ul. Grunwaldzka 6\n60-123 Rzeszów', N'Środkowy')
INSERT [dbo].[Gracze] ([id_gracza], [imie], [nazwisko], [plec], [data_urodzenia], [email], [telefon], [adres], [pozycja]) VALUES (102, N'Adam', N'Marciniak', N'Mężczyzna', CAST(N'1991-11-02' AS Date), N'adam.marciniak@interia.pl', N'+48 670 999 444', N'al. Zielona 9\n30-890 Kraków', N'Libero')
INSERT [dbo].[Gracze] ([id_gracza], [imie], [nazwisko], [plec], [data_urodzenia], [email], [telefon], [adres], [pozycja]) VALUES (103, N'Aleksandra', N'Wojciechowska', N'Kobieta', CAST(N'1994-12-12' AS Date), N'aleksandra.wojciechowska@gmail.com', N'601 555 789', N'ul. Spacerowa 7\n45-456 Szczecin', N'Przyjmujący')
GO
INSERT [dbo].[Gracze] ([id_gracza], [imie], [nazwisko], [plec], [data_urodzenia], [email], [telefon], [adres], [pozycja]) VALUES (104, N'Marek', N'Kucharski', N'Mężczyzna', CAST(N'1992-06-17' AS Date), N'marek.kucharski@wp.pl', N'+48 800 567 111', N'pl. Zielona 10\n50-234 Gdynia', N'Rozgrywający')
INSERT [dbo].[Gracze] ([id_gracza], [imie], [nazwisko], [plec], [data_urodzenia], [email], [telefon], [adres], [pozycja]) VALUES (105, N'Ewelina', N'Adamczyk', N'Kobieta', CAST(N'1991-09-17' AS Date), N'ewelina.adamczyk@wp.pl', N'+48 700 555 444', N'pl. Spacerowa 8\n30-567 Kraków', N'Atakujący')
INSERT [dbo].[Gracze] ([id_gracza], [imie], [nazwisko], [plec], [data_urodzenia], [email], [telefon], [adres], [pozycja]) VALUES (106, N'Maciej', N'Duda', N'Mężczyzna', CAST(N'1992-12-31' AS Date), N'maciej.duda@interia.pl', N'+48 800 444 333', N'al. Zacisze 7\n40-890 Szczecin', N'Libero')
INSERT [dbo].[Gracze] ([id_gracza], [imie], [nazwisko], [plec], [data_urodzenia], [email], [telefon], [adres], [pozycja]) VALUES (107, N'Maria', N'Michalak', N'Kobieta', CAST(N'1995-04-12' AS Date), N'maria.michalak@gmail.com', N'601 111 567', N'ul. Spacerowa 3\n35-234 Gdynia', N'Środkowy')
INSERT [dbo].[Gracze] ([id_gracza], [imie], [nazwisko], [plec], [data_urodzenia], [email], [telefon], [adres], [pozycja]) VALUES (108, N'Krzysztof', N'Nowicki', N'Mężczyzna', CAST(N'1993-08-08' AS Date), N'krzysztof.nowicki@onet.pl', N'700 333 567', N'pl. Miodowa 9\n50-456 Kraków', N'Rozgrywający')
INSERT [dbo].[Gracze] ([id_gracza], [imie], [nazwisko], [plec], [data_urodzenia], [email], [telefon], [adres], [pozycja]) VALUES (109, N'Dominika', N'Borkowska', N'Kobieta', CAST(N'1990-06-19' AS Date), N'dominika.borkowska@wp.pl', N'+48 670 222 555', N'ul. Warszawska 4\n60-123 Łódź', N'Przyjmujący')
INSERT [dbo].[Gracze] ([id_gracza], [imie], [nazwisko], [plec], [data_urodzenia], [email], [telefon], [adres], [pozycja]) VALUES (110, N'Bartłomiej', N'Chrzanowski', N'Mężczyzna', CAST(N'1991-05-15' AS Date), N'bartlomiej.chrzanowski@gmail.com', N'601 333 789', N'pl. Zielona 2\n45-678 Poznań', N'Środkowy')
INSERT [dbo].[Gracze] ([id_gracza], [imie], [nazwisko], [plec], [data_urodzenia], [email], [telefon], [adres], [pozycja]) VALUES (111, N'Justyna', N'Lipińska', N'Kobieta', CAST(N'1989-10-30' AS Date), N'justyna.lipinska@interia.pl', N'700 111 999', N'ul. Spacerowa 6\n30-890 Rzeszów', N'Libero')
INSERT [dbo].[Gracze] ([id_gracza], [imie], [nazwisko], [plec], [data_urodzenia], [email], [telefon], [adres], [pozycja]) VALUES (112, N'Andrzej', N'Błaszczyk', N'Mężczyzna', CAST(N'1994-03-27' AS Date), N'andrzej.blaszczyk@wp.pl', N'+48 800 123 555', N'pl. Zacisze 5\n35-678 Szczecin', N'Rozgrywający')
INSERT [dbo].[Gracze] ([id_gracza], [imie], [nazwisko], [plec], [data_urodzenia], [email], [telefon], [adres], [pozycja]) VALUES (113, N'Aleksandra', N'Stępień', N'Kobieta', CAST(N'1997-11-21' AS Date), N'aleksandra.stepien@gmail.com', N'601 567 222', N'al. Zielona 10\n45-234 Wrocław', N'Środkowy')
INSERT [dbo].[Gracze] ([id_gracza], [imie], [nazwisko], [plec], [data_urodzenia], [email], [telefon], [adres], [pozycja]) VALUES (114, N'Łukasz', N'Urbaniak', N'Mężczyzna', CAST(N'1990-02-14' AS Date), N'lukasz.urbaniak@hotmail.com', N'+48 700 333 444', N'pl. Spacerowa 9\n35-890 Kraków', N'Przyjmujący')
INSERT [dbo].[Gracze] ([id_gracza], [imie], [nazwisko], [plec], [data_urodzenia], [email], [telefon], [adres], [pozycja]) VALUES (115, N'Paulina', N'Wesołowska', N'Kobieta', CAST(N'1990-06-11' AS Date), N'paulina.wesolowska@gmail.com', N'+48 800 444 555', N'pl. Zielona 7\n45-678 Rzeszów', N'Rozgrywający')
INSERT [dbo].[Gracze] ([id_gracza], [imie], [nazwisko], [plec], [data_urodzenia], [email], [telefon], [adres], [pozycja]) VALUES (116, N'Michał', N'Wójcik', N'Mężczyzna', CAST(N'1989-03-19' AS Date), N'michal.wojcik@onet.pl', N'601 567 333', N'al. Spacerowa 6\n35-890 Kraków', N'Przyjmujący')
INSERT [dbo].[Gracze] ([id_gracza], [imie], [nazwisko], [plec], [data_urodzenia], [email], [telefon], [adres], [pozycja]) VALUES (117, N'Karolina', N'Kowalik', N'Kobieta', CAST(N'1995-08-13' AS Date), N'karolina.kowalik@interia.pl', N'700 333 999', N'ul. Zacisze 4\n30-567 Poznań', N'Libero')
INSERT [dbo].[Gracze] ([id_gracza], [imie], [nazwisko], [plec], [data_urodzenia], [email], [telefon], [adres], [pozycja]) VALUES (118, N'Piotr', N'Maj', N'Mężczyzna', CAST(N'1994-04-03' AS Date), N'piotr.maj@gmail.com', N'+48 670 444 567', N'pl. Spacerowa 8\n50-234 Szczecin', N'Środkowy')
INSERT [dbo].[Gracze] ([id_gracza], [imie], [nazwisko], [plec], [data_urodzenia], [email], [telefon], [adres], [pozycja]) VALUES (119, N'Barbara', N'Gajda', N'Kobieta', CAST(N'1991-07-07' AS Date), N'barbara.gajda@wp.pl', N'601 111 888', N'al. Warszawska 10\n60-123 Łódź', N'Atakujący')
INSERT [dbo].[Gracze] ([id_gracza], [imie], [nazwisko], [plec], [data_urodzenia], [email], [telefon], [adres], [pozycja]) VALUES (120, N'Krzysztof', N'Tomasik', N'Mężczyzna', CAST(N'1993-10-20' AS Date), N'krzysztof.tomasik@gmail.com', N'+48 800 567 123', N'pl. Zielona 5\n35-890 Rzeszów', N'Środkowy')
INSERT [dbo].[Gracze] ([id_gracza], [imie], [nazwisko], [plec], [data_urodzenia], [email], [telefon], [adres], [pozycja]) VALUES (121, N'Magdalena', N'Kołodziej', N'Kobieta', CAST(N'1989-02-14' AS Date), N'magdalena.kolodziej@onet.pl', N'700 123 999', N'ul. Spacerowa 9\n40-234 Kraków', N'Rozgrywający')
INSERT [dbo].[Gracze] ([id_gracza], [imie], [nazwisko], [plec], [data_urodzenia], [email], [telefon], [adres], [pozycja]) VALUES (122, N'Adam', N'Borkowski', N'Mężczyzna', CAST(N'1991-11-02' AS Date), N'adam.borkowski@wp.pl', N'+48 670 222 888', N'pl. Zacisze 2\n50-456 Zielona Góra', N'Libero')
INSERT [dbo].[Gracze] ([id_gracza], [imie], [nazwisko], [plec], [data_urodzenia], [email], [telefon], [adres], [pozycja]) VALUES (123, N'Aleksandra', N'Adamska', N'Kobieta', CAST(N'1994-12-12' AS Date), N'aleksandra.adamska@gmail.com', N'601 789 333', N'al. Zielona 6\n35-678 Gdynia', N'Przyjmujący')
INSERT [dbo].[Gracze] ([id_gracza], [imie], [nazwisko], [plec], [data_urodzenia], [email], [telefon], [adres], [pozycja]) VALUES (124, N'Marek', N'Makowski', N'Mężczyzna', CAST(N'1992-06-17' AS Date), N'marek.makowski@wp.pl', N'+48 800 333 567', N'pl. Spacerowa 7\n30-567 Kraków', N'Środkowy')
INSERT [dbo].[Gracze] ([id_gracza], [imie], [nazwisko], [plec], [data_urodzenia], [email], [telefon], [adres], [pozycja]) VALUES (125, N'Ewelina', N'Nowicka', N'Kobieta', CAST(N'1991-09-17' AS Date), N'ewelina.nowicka@wp.pl', N'700 555 444', N'ul. Zacisze 5\n40-890 Szczecin', N'Rozgrywający')
INSERT [dbo].[Gracze] ([id_gracza], [imie], [nazwisko], [plec], [data_urodzenia], [email], [telefon], [adres], [pozycja]) VALUES (126, N'Maciej', N'Szymczak', N'Mężczyzna', CAST(N'1992-12-31' AS Date), N'maciej.szymczak@interia.pl', N'+48 800 567 999', N'al. Zielona 7\n30-567 Poznań', N'Przyjmujący')
INSERT [dbo].[Gracze] ([id_gracza], [imie], [nazwisko], [plec], [data_urodzenia], [email], [telefon], [adres], [pozycja]) VALUES (127, N'Maria', N'Kaźmierczak', N'Kobieta', CAST(N'1995-04-12' AS Date), N'maria.kazmierczak@gmail.com', N'601 123 567', N'pl. Spacerowa 4\n50-456 Łódź', N'Środkowy')
INSERT [dbo].[Gracze] ([id_gracza], [imie], [nazwisko], [plec], [data_urodzenia], [email], [telefon], [adres], [pozycja]) VALUES (128, N'Krzysztof', N'Olszewski', N'Mężczyzna', CAST(N'1993-08-08' AS Date), N'krzysztof.olszewski@onet.pl', N'700 567 444', N'al. Zacisze 3\n35-678 Gdynia', N'Libero')
INSERT [dbo].[Gracze] ([id_gracza], [imie], [nazwisko], [plec], [data_urodzenia], [email], [telefon], [adres], [pozycja]) VALUES (129, N'Dominika', N'Rutkowska', N'Kobieta', CAST(N'1990-06-19' AS Date), N'dominika.rutkowska@wp.pl', N'+48 670 999 555', N'pl. Zielona 9\n40-123 Kraków', N'Rozgrywający')
INSERT [dbo].[Gracze] ([id_gracza], [imie], [nazwisko], [plec], [data_urodzenia], [email], [telefon], [adres], [pozycja]) VALUES (130, N'Bartłomiej', N'Kaczmarek', N'Mężczyzna', CAST(N'1991-05-15' AS Date), N'bartlomiej.kaczmarek@gmail.com', N'+48 800 222 444', N'ul. Spacerowa 7\n60-890 Szczecin', N'Przyjmujący')
INSERT [dbo].[Gracze] ([id_gracza], [imie], [nazwisko], [plec], [data_urodzenia], [email], [telefon], [adres], [pozycja]) VALUES (131, N'Justyna', N'Mazur', N'Kobieta', CAST(N'1989-10-30' AS Date), N'justyna.mazur@interia.pl', N'700 444 333', N'al. Zielona 2\n30-123 Lublin', N'Środkowy')
INSERT [dbo].[Gracze] ([id_gracza], [imie], [nazwisko], [plec], [data_urodzenia], [email], [telefon], [adres], [pozycja]) VALUES (132, N'Andrzej', N'Zieliński', N'Mężczyzna', CAST(N'1994-03-27' AS Date), N'andrzej.zielinski@wp.pl', N'+48 670 555 789', N'ul. Spacerowa 6\n50-456 Łódź', N'Libero')
INSERT [dbo].[Gracze] ([id_gracza], [imie], [nazwisko], [plec], [data_urodzenia], [email], [telefon], [adres], [pozycja]) VALUES (133, N'Aleksandra', N'Matuszewska', N'Kobieta', CAST(N'1997-11-21' AS Date), N'aleksandra.matuszewska@gmail.com', N'601 333 999', N'pl. Zacisze 10\n35-234 Gdynia', N'Rozgrywający')
INSERT [dbo].[Gracze] ([id_gracza], [imie], [nazwisko], [plec], [data_urodzenia], [email], [telefon], [adres], [pozycja]) VALUES (134, N'Łukasz', N'Krawczyk', N'Mężczyzna', CAST(N'1990-02-14' AS Date), N'lukasz.krawczyk@hotmail.com', N'+48 800 111 567', N'al. Zielona 8\n45-678 Kraków', N'Atakujący')
INSERT [dbo].[Gracze] ([id_gracza], [imie], [nazwisko], [plec], [data_urodzenia], [email], [telefon], [adres], [pozycja]) VALUES (135, N'Paulina', N'Czerwińska', N'Kobieta', CAST(N'1990-06-11' AS Date), N'paulina.czerwinska@gmail.com', N'+48 800 444 222', N'pl. Zielona 6\n50-123 Szczecin', N'Rozgrywający')
INSERT [dbo].[Gracze] ([id_gracza], [imie], [nazwisko], [plec], [data_urodzenia], [email], [telefon], [adres], [pozycja]) VALUES (136, N'Michał', N'Marcinkowski', N'Mężczyzna', CAST(N'1989-03-19' AS Date), N'michal.marcinkowski@onet.pl', N'601 555 888', N'al. Spacerowa 2\n45-456 Poznań', N'Przyjmujący')
INSERT [dbo].[Gracze] ([id_gracza], [imie], [nazwisko], [plec], [data_urodzenia], [email], [telefon], [adres], [pozycja]) VALUES (137, N'Karolina', N'Woźniak', N'Kobieta', CAST(N'1995-08-13' AS Date), N'karolina.wozniak@interia.pl', N'+48 700 333 567', N'ul. Zacisze 9\n60-890 Kraków', N'Libero')
INSERT [dbo].[Gracze] ([id_gracza], [imie], [nazwisko], [plec], [data_urodzenia], [email], [telefon], [adres], [pozycja]) VALUES (138, N'Piotr', N'Dąbrowski', N'Mężczyzna', CAST(N'1994-04-03' AS Date), N'piotr.dabrowski@gmail.com', N'670 789 444', N'pl. Spacerowa 8\n30-567 Lublin', N'Środkowy')
INSERT [dbo].[Gracze] ([id_gracza], [imie], [nazwisko], [plec], [data_urodzenia], [email], [telefon], [adres], [pozycja]) VALUES (139, N'Barbara', N'Jankowiak', N'Kobieta', CAST(N'1991-07-07' AS Date), N'barbara.jankowiak@wp.pl', N'601 123 999', N'al. Warszawska 10\n40-890 Rzeszów', N'Atakujący')
INSERT [dbo].[Gracze] ([id_gracza], [imie], [nazwisko], [plec], [data_urodzenia], [email], [telefon], [adres], [pozycja]) VALUES (140, N'Krzysztof', N'Kamiński', N'Mężczyzna', CAST(N'1993-10-20' AS Date), N'krzysztof.kaminski@gmail.com', N'+48 800 555 123', N'pl. Zielona 7\n35-234 Gdynia', N'Środkowy')
INSERT [dbo].[Gracze] ([id_gracza], [imie], [nazwisko], [plec], [data_urodzenia], [email], [telefon], [adres], [pozycja]) VALUES (141, N'Magdalena', N'Borkowska', N'Kobieta', CAST(N'1989-02-14' AS Date), N'magdalena.borkowska@onet.pl', N'+48 700 123 888', N'al. Zacisze 3\n50-123 Szczecin', N'Libero')
INSERT [dbo].[Gracze] ([id_gracza], [imie], [nazwisko], [plec], [data_urodzenia], [email], [telefon], [adres], [pozycja]) VALUES (142, N'Adam', N'Mazurkiewicz', N'Mężczyzna', CAST(N'1991-11-02' AS Date), N'adam.mazurkiewicz@wp.pl', N'+48 670 567 222', N'ul. Zielona 4\n45-890 Kraków', N'Przyjmujący')
INSERT [dbo].[Gracze] ([id_gracza], [imie], [nazwisko], [plec], [data_urodzenia], [email], [telefon], [adres], [pozycja]) VALUES (143, N'Aleksandra', N'Jasińska', N'Kobieta', CAST(N'1994-12-12' AS Date), N'aleksandra.jasinska@gmail.com', N'601 789 456', N'pl. Zacisze 5\n35-678 Łódź', N'Rozgrywający')
INSERT [dbo].[Gracze] ([id_gracza], [imie], [nazwisko], [plec], [data_urodzenia], [email], [telefon], [adres], [pozycja]) VALUES (144, N'Marek', N'Stępień', N'Mężczyzna', CAST(N'1992-06-17' AS Date), N'marek.stepien@wp.pl', N'+48 800 999 444', N'al. Zielona 6\n60-456 Wrocław', N'Atakujący')
INSERT [dbo].[Gracze] ([id_gracza], [imie], [nazwisko], [plec], [data_urodzenia], [email], [telefon], [adres], [pozycja]) VALUES (145, N'Ewelina', N'Sadowska', N'Kobieta', CAST(N'1991-09-17' AS Date), N'ewelina.sadowska@wp.pl', N'+48 700 888 555', N'pl. Spacerowa 8\n50-567 Gdynia', N'Środkowy')
INSERT [dbo].[Gracze] ([id_gracza], [imie], [nazwisko], [plec], [data_urodzenia], [email], [telefon], [adres], [pozycja]) VALUES (146, N'Maciej', N'Chmiel', N'Mężczyzna', CAST(N'1992-12-31' AS Date), N'maciej.chmiel@interia.pl', N'+48 800 111 789', N'al. Zielona 3\n45-890 Kraków', N'Libero')
INSERT [dbo].[Gracze] ([id_gracza], [imie], [nazwisko], [plec], [data_urodzenia], [email], [telefon], [adres], [pozycja]) VALUES (147, N'Maria', N'Sobolewska', N'Kobieta', CAST(N'1995-04-12' AS Date), N'maria.sobolewska@gmail.com', N'+48 601 333 567', N'pl. Zacisze 4\n35-678 Szczecin', N'Przyjmujący')
INSERT [dbo].[Gracze] ([id_gracza], [imie], [nazwisko], [plec], [data_urodzenia], [email], [telefon], [adres], [pozycja]) VALUES (148, N'Krzysztof', N'Zawisza', N'Mężczyzna', CAST(N'1993-08-08' AS Date), N'krzysztof.zawisza@onet.pl', N'+48 700 444 789', N'al. Spacerowa 9\n40-890 Rzeszów', N'Rozgrywający')
INSERT [dbo].[Gracze] ([id_gracza], [imie], [nazwisko], [plec], [data_urodzenia], [email], [telefon], [adres], [pozycja]) VALUES (149, N'Dominika', N'Król', N'Kobieta', CAST(N'1990-06-19' AS Date), N'dominika.krol@wp.pl', N'670 567 999', N'pl. Zielona 5\n50-234 Lublin', N'Środkowy')
INSERT [dbo].[Gracze] ([id_gracza], [imie], [nazwisko], [plec], [data_urodzenia], [email], [telefon], [adres], [pozycja]) VALUES (150, N'Bartłomiej', N'Piątek', N'Mężczyzna', CAST(N'1991-05-15' AS Date), N'bartlomiej.piatek@gmail.com', N'800 999 333', N'ul. Zacisze 7\n35-890 Łódź', N'Libero')
INSERT [dbo].[Gracze] ([id_gracza], [imie], [nazwisko], [plec], [data_urodzenia], [email], [telefon], [adres], [pozycja]) VALUES (151, N'Justyna', N'Górska', N'Kobieta', CAST(N'1989-10-30' AS Date), N'justyna.gorska@interia.pl', N'+48 700 555 444', N'al. Warszawska 2\n60-890 Kraków', N'Atakujący')
INSERT [dbo].[Gracze] ([id_gracza], [imie], [nazwisko], [plec], [data_urodzenia], [email], [telefon], [adres], [pozycja]) VALUES (152, N'Andrzej', N'Borowski', N'Mężczyzna', CAST(N'1994-03-27' AS Date), N'andrzej.borowski@wp.pl', N'670 444 567', N'pl. Zielona 6\n40-123 Wrocław', N'Rozgrywający')
INSERT [dbo].[Gracze] ([id_gracza], [imie], [nazwisko], [plec], [data_urodzenia], [email], [telefon], [adres], [pozycja]) VALUES (153, N'Aleksandra', N'Kowal', N'Kobieta', CAST(N'1997-11-21' AS Date), N'aleksandra.kowal@gmail.com', N'+48 601 333 222', N'al. Zacisze 3\n35-234 Kraków', N'Przyjmujący')
INSERT [dbo].[Gracze] ([id_gracza], [imie], [nazwisko], [plec], [data_urodzenia], [email], [telefon], [adres], [pozycja]) VALUES (154, N'Łukasz', N'Adamiak', N'Mężczyzna', CAST(N'1990-02-14' AS Date), N'lukasz.adamiak@hotmail.com', N'+48 800 567 123', N'pl. Spacerowa 9\n50-890 Szczecin', N'Środkowy')
SET IDENTITY_INSERT [dbo].[Gracze] OFF
GO
SET IDENTITY_INSERT [dbo].[InfoDruzyny] ON 

INSERT [dbo].[InfoDruzyny] ([id_druzyny], [nazwa], [id_trenera], [data_rejestracji], [email], [adres_rejestracji]) VALUES (1, N'Drużyna 1', 18, CAST(N'2020-03-22' AS Date), N'lorenzmarek@gmail.com', N'ulica Wróblewskiego 28\n60-070 Tczew')
INSERT [dbo].[InfoDruzyny] ([id_druzyny], [nazwa], [id_trenera], [data_rejestracji], [email], [adres_rejestracji]) VALUES (2, N'Drużyna 2', 2, CAST(N'2021-12-31' AS Date), N'sjanc@spoldzielnia.org', N'al. Jeżynowa 703\n75-808 Dębica')
INSERT [dbo].[InfoDruzyny] ([id_druzyny], [nazwa], [id_trenera], [data_rejestracji], [email], [adres_rejestracji]) VALUES (3, N'Drużyna 3', 19, CAST(N'2022-10-22' AS Date), N'julita86@fundacja.com', N'aleja Orzeszkowej 96/12\n45-429 Ostrów Wielkopolski')
INSERT [dbo].[InfoDruzyny] ([id_druzyny], [nazwa], [id_trenera], [data_rejestracji], [email], [adres_rejestracji]) VALUES (4, N'Drużyna 4', 14, CAST(N'2020-06-08' AS Date), N'hubertpowalka@gabinety.pl', N'al. Rózana 70\n87-983 Jawor')
INSERT [dbo].[InfoDruzyny] ([id_druzyny], [nazwa], [id_trenera], [data_rejestracji], [email], [adres_rejestracji]) VALUES (5, N'Drużyna 5', 5, CAST(N'2023-07-15' AS Date), N'maurycystefanik@hotmail.com', N'ul. Kamienna 80/38\n43-727 Sieradz')
INSERT [dbo].[InfoDruzyny] ([id_druzyny], [nazwa], [id_trenera], [data_rejestracji], [email], [adres_rejestracji]) VALUES (6, N'Drużyna 6', 16, CAST(N'2020-05-24' AS Date), N'dziubeka91@gmail.com', N'plac Wodna 90\n99-940 Żyrardów')
INSERT [dbo].[InfoDruzyny] ([id_druzyny], [nazwa], [id_trenera], [data_rejestracji], [email], [adres_rejestracji]) VALUES (7, N'Drużyna 7', 10, CAST(N'2019-12-08' AS Date), N'rytmorawski@poczta.pl', N'plac Stroma 123\n43-882 Bielsko-Biała')
INSERT [dbo].[InfoDruzyny] ([id_druzyny], [nazwa], [id_trenera], [data_rejestracji], [email], [adres_rejestracji]) VALUES (8, N'Drużyna 8', 9, CAST(N'2021-03-10' AS Date), N'dominikalewinska@wp.pl', N'plac Sosnowa 4\n38-593 Łowicz')
INSERT [dbo].[InfoDruzyny] ([id_druzyny], [nazwa], [id_trenera], [data_rejestracji], [email], [adres_rejestracji]) VALUES (9, N'Drużyna 9', 12, CAST(N'2020-08-21' AS Date), N'zelazowska.kasia@gmail.com', N'ul. Poprzeczna 78\n47-101 Płock')
INSERT [dbo].[InfoDruzyny] ([id_druzyny], [nazwa], [id_trenera], [data_rejestracji], [email], [adres_rejestracji]) VALUES (10, N'Drużyna 10', 6, CAST(N'2022-02-27' AS Date), N'filipkasia@op.pl', N'pl. Tęczowa 10\n88-345 Wałcz')
SET IDENTITY_INSERT [dbo].[InfoDruzyny] OFF
GO
SET IDENTITY_INSERT [dbo].[Klienci] ON 

INSERT [dbo].[Klienci] ([id], [imie], [nazwisko], [plec], [email], [telefon], [miejsce], [czas_zakupu_biletu], [zaplacono]) VALUES (1, N'Anna', N'Kowalska', N'Kobieta', N'anna.kowalska@example.com', N'+48 500 500 500', N'KR-123', CAST(N'2025-01-09T12:00:00.000' AS DateTime), 120.5)
INSERT [dbo].[Klienci] ([id], [imie], [nazwisko], [plec], [email], [telefon], [miejsce], [czas_zakupu_biletu], [zaplacono]) VALUES (2, N'Kornelia', N'Nawój', N'Mężczyzna', N'sleziaksylwia@yahoo.com', N'+48 517 705 630', N'in-460', CAST(N'2025-01-03T11:16:38.000' AS DateTime), 414.89)
INSERT [dbo].[Klienci] ([id], [imie], [nazwisko], [plec], [email], [telefon], [miejsce], [czas_zakupu_biletu], [zaplacono]) VALUES (3, N'Roksana', N'Pernak', N'Mężczyzna', N'gajagonsior@onet.pl', N'513 798 216', N'UK-139', CAST(N'2025-01-09T07:50:34.000' AS DateTime), 101.89)
INSERT [dbo].[Klienci] ([id], [imie], [nazwisko], [plec], [email], [telefon], [miejsce], [czas_zakupu_biletu], [zaplacono]) VALUES (4, N'Kajetan', N'Pastucha', N'Kobieta', N'albert70@szachniewicz-jaszczur.com', N'+48 721 046 871', N'mT-010', CAST(N'2025-01-09T14:07:12.000' AS DateTime), 310.52)
INSERT [dbo].[Klienci] ([id], [imie], [nazwisko], [plec], [email], [telefon], [miejsce], [czas_zakupu_biletu], [zaplacono]) VALUES (5, N'Kalina', N'Ropiak', N'Kobieta', N'kubasiewiczmarianna@yahoo.com', N'+48 668 922 210', N'GZ-479', CAST(N'2025-01-03T08:56:18.000' AS DateTime), 211.59)
INSERT [dbo].[Klienci] ([id], [imie], [nazwisko], [plec], [email], [telefon], [miejsce], [czas_zakupu_biletu], [zaplacono]) VALUES (6, N'Oliwier', N'Erdmann', N'Mężczyzna', N'marcel96@fundacja.pl', N'22 284 19 48', N'UQ-982', CAST(N'2025-01-04T00:27:35.000' AS DateTime), 230.5)
INSERT [dbo].[Klienci] ([id], [imie], [nazwisko], [plec], [email], [telefon], [miejsce], [czas_zakupu_biletu], [zaplacono]) VALUES (7, N'Błażej', N'Dyjach', N'Kobieta', N'jakub40@sobieszczyk.net', N'+48 22 066 44 76', N'Km-825', CAST(N'2025-01-05T10:41:57.000' AS DateTime), 397)
INSERT [dbo].[Klienci] ([id], [imie], [nazwisko], [plec], [email], [telefon], [miejsce], [czas_zakupu_biletu], [zaplacono]) VALUES (8, N'Aniela', N'Wincenciak', N'Kobieta', N'monikabobak@hotmail.com', N'+48 510 365 661', N'aq-159', CAST(N'2025-01-07T06:48:43.000' AS DateTime), 226.02)
INSERT [dbo].[Klienci] ([id], [imie], [nazwisko], [plec], [email], [telefon], [miejsce], [czas_zakupu_biletu], [zaplacono]) VALUES (9, N'Angelika', N'Makar', N'Kobieta', N'jeremidudala@gabinety.pl', N'535 555 509', N'IZ-263', CAST(N'2025-01-09T21:30:20.000' AS DateTime), 180.99)
INSERT [dbo].[Klienci] ([id], [imie], [nazwisko], [plec], [email], [telefon], [miejsce], [czas_zakupu_biletu], [zaplacono]) VALUES (10, N'Jacek', N'Jarmużek', N'Mężczyzna', N'aleksander19@stowarzyszenie.pl', N'32 124 98 13', N'Em-675', CAST(N'2025-01-03T22:40:16.000' AS DateTime), 66.96)
INSERT [dbo].[Klienci] ([id], [imie], [nazwisko], [plec], [email], [telefon], [miejsce], [czas_zakupu_biletu], [zaplacono]) VALUES (11, N'Ewelina', N'Franiak', N'Kobieta', N'pkurczak@yahoo.com', N'+48 725 010 359', N'jV-451', CAST(N'2025-01-01T20:35:56.000' AS DateTime), 123.88)
INSERT [dbo].[Klienci] ([id], [imie], [nazwisko], [plec], [email], [telefon], [miejsce], [czas_zakupu_biletu], [zaplacono]) VALUES (12, N'Kornelia', N'Nawój', N'Mężczyzna', N'sleziaksylwia@yahoo.com', N'+48 517 705 630', N'in-460', CAST(N'2025-01-03T11:16:38.000' AS DateTime), 414.89)
INSERT [dbo].[Klienci] ([id], [imie], [nazwisko], [plec], [email], [telefon], [miejsce], [czas_zakupu_biletu], [zaplacono]) VALUES (13, N'Roksana', N'Pernak', N'Mężczyzna', N'gajagonsior@onet.pl', N'513 798 216', N'UK-139', CAST(N'2025-01-09T07:50:34.000' AS DateTime), 101.89)
INSERT [dbo].[Klienci] ([id], [imie], [nazwisko], [plec], [email], [telefon], [miejsce], [czas_zakupu_biletu], [zaplacono]) VALUES (14, N'Kajetan', N'Pastucha', N'Kobieta', N'albert70@szachniewicz-jaszczur.com', N'+48 721 046 871', N'mT-010', CAST(N'2025-01-09T14:07:12.000' AS DateTime), 310.52)
INSERT [dbo].[Klienci] ([id], [imie], [nazwisko], [plec], [email], [telefon], [miejsce], [czas_zakupu_biletu], [zaplacono]) VALUES (15, N'Kalina', N'Ropiak', N'Kobieta', N'kubasiewiczmarianna@yahoo.com', N'+48 668 922 210', N'GZ-479', CAST(N'2025-01-03T08:56:18.000' AS DateTime), 211.59)
INSERT [dbo].[Klienci] ([id], [imie], [nazwisko], [plec], [email], [telefon], [miejsce], [czas_zakupu_biletu], [zaplacono]) VALUES (16, N'Oliwier', N'Erdmann', N'Mężczyzna', N'marcel96@fundacja.pl', N'22 284 19 48', N'UQ-982', CAST(N'2025-01-04T00:27:35.000' AS DateTime), 230.5)
INSERT [dbo].[Klienci] ([id], [imie], [nazwisko], [plec], [email], [telefon], [miejsce], [czas_zakupu_biletu], [zaplacono]) VALUES (17, N'Błażej', N'Dyjach', N'Kobieta', N'jakub40@sobieszczyk.net', N'+48 22 066 44 76', N'Km-825', CAST(N'2025-01-05T10:41:57.000' AS DateTime), 397)
INSERT [dbo].[Klienci] ([id], [imie], [nazwisko], [plec], [email], [telefon], [miejsce], [czas_zakupu_biletu], [zaplacono]) VALUES (18, N'Aniela', N'Wincenciak', N'Kobieta', N'monikabobak@hotmail.com', N'+48 510 365 661', N'aq-159', CAST(N'2025-01-07T06:48:43.000' AS DateTime), 226.02)
INSERT [dbo].[Klienci] ([id], [imie], [nazwisko], [plec], [email], [telefon], [miejsce], [czas_zakupu_biletu], [zaplacono]) VALUES (19, N'Angelika', N'Makar', N'Kobieta', N'jeremidudala@gabinety.pl', N'535 555 509', N'IZ-263', CAST(N'2025-01-09T21:30:20.000' AS DateTime), 180.99)
INSERT [dbo].[Klienci] ([id], [imie], [nazwisko], [plec], [email], [telefon], [miejsce], [czas_zakupu_biletu], [zaplacono]) VALUES (20, N'Jacek', N'Jarmużek', N'Mężczyzna', N'aleksander19@stowarzyszenie.pl', N'32 124 98 13', N'Em-675', CAST(N'2025-01-03T22:40:16.000' AS DateTime), 66.96)
INSERT [dbo].[Klienci] ([id], [imie], [nazwisko], [plec], [email], [telefon], [miejsce], [czas_zakupu_biletu], [zaplacono]) VALUES (21, N'Ewelina', N'Franiak', N'Kobieta', N'pkurczak@yahoo.com', N'+48 725 010 359', N'jV-451', CAST(N'2025-01-01T20:35:56.000' AS DateTime), 123.88)
INSERT [dbo].[Klienci] ([id], [imie], [nazwisko], [plec], [email], [telefon], [miejsce], [czas_zakupu_biletu], [zaplacono]) VALUES (22, N'Lidia', N'Flisiak', N'Mężczyzna', N'ciubafryderyk@stowarzyszenie.org', N'784 256 240', N'IA-499', CAST(N'2025-01-08T07:18:24.000' AS DateTime), 342.78)
INSERT [dbo].[Klienci] ([id], [imie], [nazwisko], [plec], [email], [telefon], [miejsce], [czas_zakupu_biletu], [zaplacono]) VALUES (23, N'Aniela', N'Freitag', N'Kobieta', N'olga04@hotmail.com', N'+48 691 165 796', N'tF-953', CAST(N'2025-01-03T18:13:16.000' AS DateTime), 230.87)
INSERT [dbo].[Klienci] ([id], [imie], [nazwisko], [plec], [email], [telefon], [miejsce], [czas_zakupu_biletu], [zaplacono]) VALUES (24, N'Dorota', N'Pronobis', N'Mężczyzna', N'lukszajedrzej@gmail.com', N'600 407 126', N'xk-770', CAST(N'2025-01-01T23:08:11.000' AS DateTime), 174.91)
INSERT [dbo].[Klienci] ([id], [imie], [nazwisko], [plec], [email], [telefon], [miejsce], [czas_zakupu_biletu], [zaplacono]) VALUES (25, N'Jeremi', N'Cetera', N'Mężczyzna', N'ksawery52@stowarzyszenie.pl', N'+48 734 940 934', N'Wv-260', CAST(N'2025-01-04T19:49:05.000' AS DateTime), 73.65)
INSERT [dbo].[Klienci] ([id], [imie], [nazwisko], [plec], [email], [telefon], [miejsce], [czas_zakupu_biletu], [zaplacono]) VALUES (26, N'Aniela', N'Adamaszek', N'Mężczyzna', N'angelikapowalka@o2.pl', N'+48 608 242 419', N'EX-913', CAST(N'2025-01-06T15:02:15.000' AS DateTime), 267.28)
INSERT [dbo].[Klienci] ([id], [imie], [nazwisko], [plec], [email], [telefon], [miejsce], [czas_zakupu_biletu], [zaplacono]) VALUES (27, N'Mariusz', N'Balawender', N'Kobieta', N'nataniel15@gabinety.com', N'+48 504 752 126', N'FT-542', CAST(N'2025-01-03T06:48:14.000' AS DateTime), 315.63)
INSERT [dbo].[Klienci] ([id], [imie], [nazwisko], [plec], [email], [telefon], [miejsce], [czas_zakupu_biletu], [zaplacono]) VALUES (28, N'Piotr', N'Stebel', N'Mężczyzna', N'mariusz82@choros.com', N'+48 504 279 568', N'qL-557', CAST(N'2025-01-03T13:05:43.000' AS DateTime), 61.92)
INSERT [dbo].[Klienci] ([id], [imie], [nazwisko], [plec], [email], [telefon], [miejsce], [czas_zakupu_biletu], [zaplacono]) VALUES (29, N'Krzysztof', N'Gospodarek', N'Kobieta', N'arturwydrych@gmail.com', N'532 368 849', N'qR-165', CAST(N'2025-01-05T04:56:22.000' AS DateTime), 364.75)
INSERT [dbo].[Klienci] ([id], [imie], [nazwisko], [plec], [email], [telefon], [miejsce], [czas_zakupu_biletu], [zaplacono]) VALUES (30, N'Kamila', N'Kurp', N'Kobieta', N'mkobryn@yahoo.com', N'605 412 426', N'pO-325', CAST(N'2025-01-05T17:12:30.000' AS DateTime), 149.51)
INSERT [dbo].[Klienci] ([id], [imie], [nazwisko], [plec], [email], [telefon], [miejsce], [czas_zakupu_biletu], [zaplacono]) VALUES (31, N'Rozalia', N'Drej', N'Mężczyzna', N'lkutnik@spoldzielnia.pl', N'504 458 155', N'Xm-855', CAST(N'2025-01-02T10:05:38.000' AS DateTime), 386.42)
INSERT [dbo].[Klienci] ([id], [imie], [nazwisko], [plec], [email], [telefon], [miejsce], [czas_zakupu_biletu], [zaplacono]) VALUES (32, N'Kornelia', N'Nawój', N'Mężczyzna', N'sleziaksylwia@yahoo.com', N'+48 517 705 630', N'in-460', CAST(N'2025-01-03T11:16:38.000' AS DateTime), 414.89)
INSERT [dbo].[Klienci] ([id], [imie], [nazwisko], [plec], [email], [telefon], [miejsce], [czas_zakupu_biletu], [zaplacono]) VALUES (33, N'Roksana', N'Pernak', N'Mężczyzna', N'gajagonsior@onet.pl', N'513 798 216', N'UK-139', CAST(N'2025-01-09T07:50:34.000' AS DateTime), 101.89)
INSERT [dbo].[Klienci] ([id], [imie], [nazwisko], [plec], [email], [telefon], [miejsce], [czas_zakupu_biletu], [zaplacono]) VALUES (34, N'Kajetan', N'Pastucha', N'Kobieta', N'albert70@szachniewicz-jaszczur.com', N'+48 721 046 871', N'mT-010', CAST(N'2025-01-09T14:07:12.000' AS DateTime), 310.52)
INSERT [dbo].[Klienci] ([id], [imie], [nazwisko], [plec], [email], [telefon], [miejsce], [czas_zakupu_biletu], [zaplacono]) VALUES (35, N'Kalina', N'Ropiak', N'Kobieta', N'kubasiewiczmarianna@yahoo.com', N'+48 668 922 210', N'GZ-479', CAST(N'2025-01-03T08:56:18.000' AS DateTime), 211.59)
INSERT [dbo].[Klienci] ([id], [imie], [nazwisko], [plec], [email], [telefon], [miejsce], [czas_zakupu_biletu], [zaplacono]) VALUES (36, N'Oliwier', N'Erdmann', N'Mężczyzna', N'marcel96@fundacja.pl', N'22 284 19 48', N'UQ-982', CAST(N'2025-01-04T00:27:35.000' AS DateTime), 230.5)
INSERT [dbo].[Klienci] ([id], [imie], [nazwisko], [plec], [email], [telefon], [miejsce], [czas_zakupu_biletu], [zaplacono]) VALUES (37, N'Błażej', N'Dyjach', N'Kobieta', N'jakub40@sobieszczyk.net', N'+48 22 066 44 76', N'Km-825', CAST(N'2025-01-05T10:41:57.000' AS DateTime), 397)
INSERT [dbo].[Klienci] ([id], [imie], [nazwisko], [plec], [email], [telefon], [miejsce], [czas_zakupu_biletu], [zaplacono]) VALUES (38, N'Aniela', N'Wincenciak', N'Kobieta', N'monikabobak@hotmail.com', N'+48 510 365 661', N'aq-159', CAST(N'2025-01-07T06:48:43.000' AS DateTime), 226.02)
INSERT [dbo].[Klienci] ([id], [imie], [nazwisko], [plec], [email], [telefon], [miejsce], [czas_zakupu_biletu], [zaplacono]) VALUES (39, N'Angelika', N'Makar', N'Kobieta', N'jeremidudala@gabinety.pl', N'535 555 509', N'IZ-263', CAST(N'2025-01-09T21:30:20.000' AS DateTime), 180.99)
INSERT [dbo].[Klienci] ([id], [imie], [nazwisko], [plec], [email], [telefon], [miejsce], [czas_zakupu_biletu], [zaplacono]) VALUES (40, N'Jacek', N'Jarmużek', N'Mężczyzna', N'aleksander19@stowarzyszenie.pl', N'32 124 98 13', N'Em-675', CAST(N'2025-01-03T22:40:16.000' AS DateTime), 66.96)
INSERT [dbo].[Klienci] ([id], [imie], [nazwisko], [plec], [email], [telefon], [miejsce], [czas_zakupu_biletu], [zaplacono]) VALUES (41, N'Ewelina', N'Franiak', N'Kobieta', N'pkurczak@yahoo.com', N'+48 725 010 359', N'jV-451', CAST(N'2025-01-01T20:35:56.000' AS DateTime), 123.88)
INSERT [dbo].[Klienci] ([id], [imie], [nazwisko], [plec], [email], [telefon], [miejsce], [czas_zakupu_biletu], [zaplacono]) VALUES (42, N'Lidia', N'Flisiak', N'Mężczyzna', N'ciubafryderyk@stowarzyszenie.org', N'784 256 240', N'IA-499', CAST(N'2025-01-08T07:18:24.000' AS DateTime), 342.78)
INSERT [dbo].[Klienci] ([id], [imie], [nazwisko], [plec], [email], [telefon], [miejsce], [czas_zakupu_biletu], [zaplacono]) VALUES (43, N'Aniela', N'Freitag', N'Kobieta', N'olga04@hotmail.com', N'+48 691 165 796', N'tF-953', CAST(N'2025-01-03T18:13:16.000' AS DateTime), 230.87)
INSERT [dbo].[Klienci] ([id], [imie], [nazwisko], [plec], [email], [telefon], [miejsce], [czas_zakupu_biletu], [zaplacono]) VALUES (44, N'Dorota', N'Pronobis', N'Mężczyzna', N'lukszajedrzej@gmail.com', N'600 407 126', N'xk-770', CAST(N'2025-01-01T23:08:11.000' AS DateTime), 174.91)
INSERT [dbo].[Klienci] ([id], [imie], [nazwisko], [plec], [email], [telefon], [miejsce], [czas_zakupu_biletu], [zaplacono]) VALUES (45, N'Jeremi', N'Cetera', N'Mężczyzna', N'ksawery52@stowarzyszenie.pl', N'+48 734 940 934', N'Wv-260', CAST(N'2025-01-04T19:49:05.000' AS DateTime), 73.65)
INSERT [dbo].[Klienci] ([id], [imie], [nazwisko], [plec], [email], [telefon], [miejsce], [czas_zakupu_biletu], [zaplacono]) VALUES (46, N'Aniela', N'Adamaszek', N'Mężczyzna', N'angelikapowalka@o2.pl', N'+48 608 242 419', N'EX-913', CAST(N'2025-01-06T15:02:15.000' AS DateTime), 267.28)
INSERT [dbo].[Klienci] ([id], [imie], [nazwisko], [plec], [email], [telefon], [miejsce], [czas_zakupu_biletu], [zaplacono]) VALUES (47, N'Mariusz', N'Balawender', N'Kobieta', N'nataniel15@gabinety.com', N'+48 504 752 126', N'FT-542', CAST(N'2025-01-03T06:48:14.000' AS DateTime), 315.63)
INSERT [dbo].[Klienci] ([id], [imie], [nazwisko], [plec], [email], [telefon], [miejsce], [czas_zakupu_biletu], [zaplacono]) VALUES (48, N'Piotr', N'Stebel', N'Mężczyzna', N'mariusz82@choros.com', N'+48 504 279 568', N'qL-557', CAST(N'2025-01-03T13:05:43.000' AS DateTime), 61.92)
INSERT [dbo].[Klienci] ([id], [imie], [nazwisko], [plec], [email], [telefon], [miejsce], [czas_zakupu_biletu], [zaplacono]) VALUES (49, N'Krzysztof', N'Gospodarek', N'Kobieta', N'arturwydrych@gmail.com', N'532 368 849', N'qR-165', CAST(N'2025-01-05T04:56:22.000' AS DateTime), 364.75)
INSERT [dbo].[Klienci] ([id], [imie], [nazwisko], [plec], [email], [telefon], [miejsce], [czas_zakupu_biletu], [zaplacono]) VALUES (50, N'Kamila', N'Kurp', N'Kobieta', N'mkobryn@yahoo.com', N'605 412 426', N'pO-325', CAST(N'2025-01-05T17:12:30.000' AS DateTime), 149.51)
INSERT [dbo].[Klienci] ([id], [imie], [nazwisko], [plec], [email], [telefon], [miejsce], [czas_zakupu_biletu], [zaplacono]) VALUES (51, N'Rozalia', N'Drej', N'Mężczyzna', N'lkutnik@spoldzielnia.pl', N'504 458 155', N'Xm-855', CAST(N'2025-01-02T10:05:38.000' AS DateTime), 386.42)
INSERT [dbo].[Klienci] ([id], [imie], [nazwisko], [plec], [email], [telefon], [miejsce], [czas_zakupu_biletu], [zaplacono]) VALUES (52, N'Olaf', N'Kasprowicz', N'Kobieta', N'leszekgracz@interia.com', N'+48 519 103 977', N'KQ-148', CAST(N'2025-01-02T17:45:16.000' AS DateTime), 303.61)
INSERT [dbo].[Klienci] ([id], [imie], [nazwisko], [plec], [email], [telefon], [miejsce], [czas_zakupu_biletu], [zaplacono]) VALUES (53, N'Agata', N'Borucki', N'Mężczyzna', N'dominikaleksandrowicz@gabinety.pl', N'+48 799 694 570', N'od-307', CAST(N'2025-01-08T19:34:01.000' AS DateTime), 342.89)
INSERT [dbo].[Klienci] ([id], [imie], [nazwisko], [plec], [email], [telefon], [miejsce], [czas_zakupu_biletu], [zaplacono]) VALUES (54, N'Piotr', N'Wołniakowski', N'Mężczyzna', N'lechgrabowski@firma.com', N'+48 719 360 270', N'vM-584', CAST(N'2025-01-02T15:41:53.000' AS DateTime), 304.02)
INSERT [dbo].[Klienci] ([id], [imie], [nazwisko], [plec], [email], [telefon], [miejsce], [czas_zakupu_biletu], [zaplacono]) VALUES (55, N'Joanna', N'Brzeska', N'Kobieta', N'roman95@fundacja.pl', N'+48 536 781 763', N'ML-788', CAST(N'2025-01-05T14:58:32.000' AS DateTime), 331.74)
INSERT [dbo].[Klienci] ([id], [imie], [nazwisko], [plec], [email], [telefon], [miejsce], [czas_zakupu_biletu], [zaplacono]) VALUES (56, N'Anita', N'Gabryelczyk', N'Mężczyzna', N'gabrielaleksiejczyk@poczta.com', N'723 578 563', N'NZ-705', CAST(N'2025-01-06T04:35:59.000' AS DateTime), 234.35)
INSERT [dbo].[Klienci] ([id], [imie], [nazwisko], [plec], [email], [telefon], [miejsce], [czas_zakupu_biletu], [zaplacono]) VALUES (57, N'Weronika', N'Ryś', N'Mężczyzna', N'monikabujakowski@szachniewicz.net', N'694 269 140', N'QU-972', CAST(N'2025-01-04T22:45:13.000' AS DateTime), 486.94)
INSERT [dbo].[Klienci] ([id], [imie], [nazwisko], [plec], [email], [telefon], [miejsce], [czas_zakupu_biletu], [zaplacono]) VALUES (58, N'Dominika', N'Chodyna', N'Kobieta', N'robertmatyjasik@fundacja.org', N'604 567 882', N'Nd-658', CAST(N'2025-01-01T17:55:32.000' AS DateTime), 439.84)
INSERT [dbo].[Klienci] ([id], [imie], [nazwisko], [plec], [email], [telefon], [miejsce], [czas_zakupu_biletu], [zaplacono]) VALUES (59, N'Julia', N'Flak', N'Mężczyzna', N'jerzy05@firma.pl', N'+48 725 579 799', N'HR-249', CAST(N'2025-01-07T19:11:23.000' AS DateTime), 430.4)
INSERT [dbo].[Klienci] ([id], [imie], [nazwisko], [plec], [email], [telefon], [miejsce], [czas_zakupu_biletu], [zaplacono]) VALUES (60, N'Filip', N'Olbrych', N'Kobieta', N'jan06@nikel.com', N'509 260 157', N'yW-367', CAST(N'2025-01-04T20:22:14.000' AS DateTime), 348.48)
INSERT [dbo].[Klienci] ([id], [imie], [nazwisko], [plec], [email], [telefon], [miejsce], [czas_zakupu_biletu], [zaplacono]) VALUES (61, N'Konrad', N'Mielczarek', N'Kobieta', N'patryk69@gabinety.pl', N'+48 792 503 371', N'RJ-019', CAST(N'2025-01-03T03:11:42.000' AS DateTime), 83.29)
INSERT [dbo].[Klienci] ([id], [imie], [nazwisko], [plec], [email], [telefon], [miejsce], [czas_zakupu_biletu], [zaplacono]) VALUES (62, N'Anna', N'Polańska', N'Kobieta', N'anna.polanska@example.com', N'+48 600 123 456', N'KR-101', CAST(N'2025-01-10T12:00:00.000' AS DateTime), 320.5)
INSERT [dbo].[Klienci] ([id], [imie], [nazwisko], [plec], [email], [telefon], [miejsce], [czas_zakupu_biletu], [zaplacono]) VALUES (63, N'Piotr', N'Nowak', N'Mężczyzna', N'piotr.nowak@example.com', N'+48 601 654 321', N'WA-202', CAST(N'2025-01-09T14:30:00.000' AS DateTime), 250.75)
INSERT [dbo].[Klienci] ([id], [imie], [nazwisko], [plec], [email], [telefon], [miejsce], [czas_zakupu_biletu], [zaplacono]) VALUES (64, N'Katarzyna', N'Kowalska', N'Kobieta', N'katarzyna.kowalska@example.com', N'+48 602 987 654', N'GD-303', CAST(N'2025-01-08T09:45:00.000' AS DateTime), 180.9)
INSERT [dbo].[Klienci] ([id], [imie], [nazwisko], [plec], [email], [telefon], [miejsce], [czas_zakupu_biletu], [zaplacono]) VALUES (65, N'Michał', N'Wiśniewski', N'Mężczyzna', N'michal.wisniewski@example.com', N'+48 603 543 210', N'PO-404', CAST(N'2025-01-07T16:20:00.000' AS DateTime), 100)
INSERT [dbo].[Klienci] ([id], [imie], [nazwisko], [plec], [email], [telefon], [miejsce], [czas_zakupu_biletu], [zaplacono]) VALUES (66, N'Joanna', N'Lewandowska', N'Kobieta', N'joanna.lewandowska@example.com', N'+48 604 321 789', N'SZ-505', CAST(N'2025-01-06T11:10:00.000' AS DateTime), 150.3)
INSERT [dbo].[Klienci] ([id], [imie], [nazwisko], [plec], [email], [telefon], [miejsce], [czas_zakupu_biletu], [zaplacono]) VALUES (67, N'Tomasz', N'Mazur', N'Mężczyzna', N'tomasz.mazur@example.com', N'+48 605 123 987', N'LU-606', CAST(N'2025-01-05T14:00:00.000' AS DateTime), 400.25)
INSERT [dbo].[Klienci] ([id], [imie], [nazwisko], [plec], [email], [telefon], [miejsce], [czas_zakupu_biletu], [zaplacono]) VALUES (68, N'Magdalena', N'Dąbrowska', N'Kobieta', N'magdalena.dabrowska@example.com', N'+48 606 987 123', N'KA-707', CAST(N'2025-01-04T10:30:00.000' AS DateTime), 90)
INSERT [dbo].[Klienci] ([id], [imie], [nazwisko], [plec], [email], [telefon], [miejsce], [czas_zakupu_biletu], [zaplacono]) VALUES (69, N'Adam', N'Kamiński', N'Mężczyzna', N'adam.kaminski@example.com', N'+48 607 543 876', N'OP-808', CAST(N'2025-01-03T13:50:00.000' AS DateTime), 230.4)
INSERT [dbo].[Klienci] ([id], [imie], [nazwisko], [plec], [email], [telefon], [miejsce], [czas_zakupu_biletu], [zaplacono]) VALUES (70, N'Agnieszka', N'Wojciechowska', N'Kobieta', N'agnieszka.wojciechowska@example.com', N'+48 608 321 654', N'ZA-909', CAST(N'2025-01-02T15:25:00.000' AS DateTime), 120.1)
INSERT [dbo].[Klienci] ([id], [imie], [nazwisko], [plec], [email], [telefon], [miejsce], [czas_zakupu_biletu], [zaplacono]) VALUES (71, N'Jakub', N'Zieliński', N'Mężczyzna', N'jakub.zielinski@example.com', N'+48 609 789 321', N'LO-010', CAST(N'2025-01-01T17:15:00.000' AS DateTime), 500.8)
INSERT [dbo].[Klienci] ([id], [imie], [nazwisko], [plec], [email], [telefon], [miejsce], [czas_zakupu_biletu], [zaplacono]) VALUES (72, N'Marcin', N'Kowal', N'Mężczyzna', N'marcin.kowal@example.com', N'+48 610 234 567', N'GD-112', CAST(N'2025-01-10T08:45:00.000' AS DateTime), 305.4)
INSERT [dbo].[Klienci] ([id], [imie], [nazwisko], [plec], [email], [telefon], [miejsce], [czas_zakupu_biletu], [zaplacono]) VALUES (73, N'Ewa', N'Nowicka', N'Kobieta', N'ewa.nowicka@example.com', N'+48 611 765 432', N'WA-223', CAST(N'2025-01-09T10:15:00.000' AS DateTime), 215.8)
INSERT [dbo].[Klienci] ([id], [imie], [nazwisko], [plec], [email], [telefon], [miejsce], [czas_zakupu_biletu], [zaplacono]) VALUES (74, N'Andrzej', N'Zalewski', N'Mężczyzna', N'andrzej.zalewski@example.com', N'+48 612 876 543', N'PO-334', CAST(N'2025-01-08T12:00:00.000' AS DateTime), 180.75)
INSERT [dbo].[Klienci] ([id], [imie], [nazwisko], [plec], [email], [telefon], [miejsce], [czas_zakupu_biletu], [zaplacono]) VALUES (75, N'Sylwia', N'Michalska', N'Kobieta', N'sylwia.michalska@example.com', N'+48 613 987 654', N'SZ-445', CAST(N'2025-01-07T14:25:00.000' AS DateTime), 125.6)
INSERT [dbo].[Klienci] ([id], [imie], [nazwisko], [plec], [email], [telefon], [miejsce], [czas_zakupu_biletu], [zaplacono]) VALUES (76, N'Paweł', N'Ostrowski', N'Mężczyzna', N'pawel.ostrowski@example.com', N'+48 614 123 678', N'LU-556', CAST(N'2025-01-06T16:10:00.000' AS DateTime), 400.1)
INSERT [dbo].[Klienci] ([id], [imie], [nazwisko], [plec], [email], [telefon], [miejsce], [czas_zakupu_biletu], [zaplacono]) VALUES (77, N'Monika', N'Piątek', N'Kobieta', N'monika.piatek@example.com', N'+48 615 345 789', N'KA-667', CAST(N'2025-01-05T18:30:00.000' AS DateTime), 95)
INSERT [dbo].[Klienci] ([id], [imie], [nazwisko], [plec], [email], [telefon], [miejsce], [czas_zakupu_biletu], [zaplacono]) VALUES (78, N'Grzegorz', N'Rutkowski', N'Mężczyzna', N'grzegorz.rutkowski@example.com', N'+48 616 987 123', N'OP-778', CAST(N'2025-01-04T20:40:00.000' AS DateTime), 245.5)
INSERT [dbo].[Klienci] ([id], [imie], [nazwisko], [plec], [email], [telefon], [miejsce], [czas_zakupu_biletu], [zaplacono]) VALUES (79, N'Karolina', N'Adamczyk', N'Kobieta', N'karolina.adamczyk@example.com', N'+48 617 234 876', N'ZA-889', CAST(N'2025-01-03T22:15:00.000' AS DateTime), 150.3)
INSERT [dbo].[Klienci] ([id], [imie], [nazwisko], [plec], [email], [telefon], [miejsce], [czas_zakupu_biletu], [zaplacono]) VALUES (80, N'Łukasz', N'Chmielewski', N'Mężczyzna', N'lukasz.chmielewski@example.com', N'+48 618 789 345', N'LO-900', CAST(N'2025-01-02T23:50:00.000' AS DateTime), 130.9)
INSERT [dbo].[Klienci] ([id], [imie], [nazwisko], [plec], [email], [telefon], [miejsce], [czas_zakupu_biletu], [zaplacono]) VALUES (81, N'Joanna', N'Baran', N'Kobieta', N'joanna.baran@example.com', N'+48 619 654 321', N'KR-011', CAST(N'2025-01-01T09:00:00.000' AS DateTime), 510.7)
INSERT [dbo].[Klienci] ([id], [imie], [nazwisko], [plec], [email], [telefon], [miejsce], [czas_zakupu_biletu], [zaplacono]) VALUES (82, N'Maciej', N'Sikorski', N'Mężczyzna', N'maciej.sikorski@example.com', N'+48 620 987 654', N'GD-122', CAST(N'2025-01-10T10:30:00.000' AS DateTime), 320.2)
INSERT [dbo].[Klienci] ([id], [imie], [nazwisko], [plec], [email], [telefon], [miejsce], [czas_zakupu_biletu], [zaplacono]) VALUES (83, N'Natalia', N'Lis', N'Kobieta', N'natalia.lis@example.com', N'+48 621 456 789', N'WA-233', CAST(N'2025-01-09T12:45:00.000' AS DateTime), 205.5)
INSERT [dbo].[Klienci] ([id], [imie], [nazwisko], [plec], [email], [telefon], [miejsce], [czas_zakupu_biletu], [zaplacono]) VALUES (84, N'Krzysztof', N'Dudek', N'Mężczyzna', N'krzysztof.dudek@example.com', N'+48 622 123 456', N'PO-344', CAST(N'2025-01-08T15:00:00.000' AS DateTime), 275.3)
INSERT [dbo].[Klienci] ([id], [imie], [nazwisko], [plec], [email], [telefon], [miejsce], [czas_zakupu_biletu], [zaplacono]) VALUES (85, N'Zofia', N'Król', N'Kobieta', N'zofia.krol@example.com', N'+48 623 654 321', N'SZ-455', CAST(N'2025-01-07T11:25:00.000' AS DateTime), 125.8)
INSERT [dbo].[Klienci] ([id], [imie], [nazwisko], [plec], [email], [telefon], [miejsce], [czas_zakupu_biletu], [zaplacono]) VALUES (86, N'Rafał', N'Jaworski', N'Mężczyzna', N'rafal.jaworski@example.com', N'+48 624 987 543', N'LU-566', CAST(N'2025-01-06T14:10:00.000' AS DateTime), 390.9)
INSERT [dbo].[Klienci] ([id], [imie], [nazwisko], [plec], [email], [telefon], [miejsce], [czas_zakupu_biletu], [zaplacono]) VALUES (87, N'Dorota', N'Szymańska', N'Kobieta', N'dorota.szymanska@example.com', N'+48 625 345 678', N'KA-677', CAST(N'2025-01-05T13:30:00.000' AS DateTime), 115.4)
INSERT [dbo].[Klienci] ([id], [imie], [nazwisko], [plec], [email], [telefon], [miejsce], [czas_zakupu_biletu], [zaplacono]) VALUES (88, N'Sebastian', N'Wysocki', N'Mężczyzna', N'sebastian.wysocki@example.com', N'+48 626 789 123', N'OP-788', CAST(N'2025-01-04T12:50:00.000' AS DateTime), 210)
INSERT [dbo].[Klienci] ([id], [imie], [nazwisko], [plec], [email], [telefon], [miejsce], [czas_zakupu_biletu], [zaplacono]) VALUES (89, N'Kinga', N'Górska', N'Kobieta', N'kinga.gorska@example.com', N'+48 627 987 654', N'ZA-899', CAST(N'2025-01-03T16:15:00.000' AS DateTime), 145.1)
INSERT [dbo].[Klienci] ([id], [imie], [nazwisko], [plec], [email], [telefon], [miejsce], [czas_zakupu_biletu], [zaplacono]) VALUES (90, N'Adrian', N'Czarnecki', N'Mężczyzna', N'adrian.czarnecki@example.com', N'+48 628 456 789', N'LO-920', CAST(N'2025-01-02T18:45:00.000' AS DateTime), 195.7)
INSERT [dbo].[Klienci] ([id], [imie], [nazwisko], [plec], [email], [telefon], [miejsce], [czas_zakupu_biletu], [zaplacono]) VALUES (91, N'Paulina', N'Kalinowska', N'Kobieta', N'paulina.kalinowska@example.com', N'+48 629 654 321', N'KR-021', CAST(N'2025-01-01T20:10:00.000' AS DateTime), 520.4)
INSERT [dbo].[Klienci] ([id], [imie], [nazwisko], [plec], [email], [telefon], [miejsce], [czas_zakupu_biletu], [zaplacono]) VALUES (92, N'Bartosz', N'Pawlak', N'Mężczyzna', N'bartosz.pawlak@example.com', N'+48 630 987 654', N'GD-132', CAST(N'2025-01-10T14:50:00.000' AS DateTime), 310.4)
INSERT [dbo].[Klienci] ([id], [imie], [nazwisko], [plec], [email], [telefon], [miejsce], [czas_zakupu_biletu], [zaplacono]) VALUES (93, N'Ewelina', N'Malinowska', N'Kobieta', N'ewelina.malinowska@example.com', N'+48 631 456 789', N'WA-243', CAST(N'2025-01-09T16:20:00.000' AS DateTime), 215.8)
INSERT [dbo].[Klienci] ([id], [imie], [nazwisko], [plec], [email], [telefon], [miejsce], [czas_zakupu_biletu], [zaplacono]) VALUES (94, N'Wojciech', N'Zawadzki', N'Mężczyzna', N'wojciech.zawadzki@example.com', N'+48 632 123 456', N'PO-354', CAST(N'2025-01-08T18:10:00.000' AS DateTime), 285.3)
INSERT [dbo].[Klienci] ([id], [imie], [nazwisko], [plec], [email], [telefon], [miejsce], [czas_zakupu_biletu], [zaplacono]) VALUES (95, N'Agnieszka', N'Zych', N'Kobieta', N'agnieszka.zych@example.com', N'+48 633 654 321', N'SZ-465', CAST(N'2025-01-07T20:25:00.000' AS DateTime), 125.6)
INSERT [dbo].[Klienci] ([id], [imie], [nazwisko], [plec], [email], [telefon], [miejsce], [czas_zakupu_biletu], [zaplacono]) VALUES (96, N'Mateusz', N'Borkowski', N'Mężczyzna', N'mateusz.borkowski@example.com', N'+48 634 987 543', N'LU-576', CAST(N'2025-01-06T22:10:00.000' AS DateTime), 400.9)
INSERT [dbo].[Klienci] ([id], [imie], [nazwisko], [plec], [email], [telefon], [miejsce], [czas_zakupu_biletu], [zaplacono]) VALUES (97, N'Emilia', N'Kozłowska', N'Kobieta', N'emilia.kozlowska@example.com', N'+48 635 345 678', N'KA-687', CAST(N'2025-01-05T09:30:00.000' AS DateTime), 95.4)
INSERT [dbo].[Klienci] ([id], [imie], [nazwisko], [plec], [email], [telefon], [miejsce], [czas_zakupu_biletu], [zaplacono]) VALUES (98, N'Tomasz', N'Nowicki', N'Mężczyzna', N'tomasz.nowicki@example.com', N'+48 636 789 123', N'OP-798', CAST(N'2025-01-04T11:50:00.000' AS DateTime), 205)
INSERT [dbo].[Klienci] ([id], [imie], [nazwisko], [plec], [email], [telefon], [miejsce], [czas_zakupu_biletu], [zaplacono]) VALUES (99, N'Anna', N'Wieczorek', N'Kobieta', N'anna.wieczorek@example.com', N'+48 637 987 654', N'ZA-909', CAST(N'2025-01-03T13:15:00.000' AS DateTime), 140.1)
GO
INSERT [dbo].[Klienci] ([id], [imie], [nazwisko], [plec], [email], [telefon], [miejsce], [czas_zakupu_biletu], [zaplacono]) VALUES (100, N'Rafał', N'Kucharski', N'Mężczyzna', N'rafal.kucharski@example.com', N'+48 638 456 789', N'LO-930', CAST(N'2025-01-02T15:45:00.000' AS DateTime), 185.7)
INSERT [dbo].[Klienci] ([id], [imie], [nazwisko], [plec], [email], [telefon], [miejsce], [czas_zakupu_biletu], [zaplacono]) VALUES (101, N'Julia', N'Marciniak', N'Kobieta', N'julia.marciniak@example.com', N'+48 639 654 321', N'KR-031', CAST(N'2025-01-01T17:10:00.000' AS DateTime), 530.4)
INSERT [dbo].[Klienci] ([id], [imie], [nazwisko], [plec], [email], [telefon], [miejsce], [czas_zakupu_biletu], [zaplacono]) VALUES (102, N'Wiktoria', N'Barańska', N'Kobieta', N'wiktoria.baranska@example.com', N'+48 640 123 789', N'GD-142', CAST(N'2025-01-10T15:00:00.000' AS DateTime), 320)
INSERT [dbo].[Klienci] ([id], [imie], [nazwisko], [plec], [email], [telefon], [miejsce], [czas_zakupu_biletu], [zaplacono]) VALUES (103, N'Marcin', N'Kowalski', N'Mężczyzna', N'marcin.kowalski@example.com', N'+48 641 987 654', N'WA-253', CAST(N'2025-01-09T16:30:00.000' AS DateTime), 205.75)
INSERT [dbo].[Klienci] ([id], [imie], [nazwisko], [plec], [email], [telefon], [miejsce], [czas_zakupu_biletu], [zaplacono]) VALUES (104, N'Aleksandra', N'Domańska', N'Kobieta', N'aleksandra.domanska@example.com', N'+48 642 456 789', N'PO-364', CAST(N'2025-01-08T17:10:00.000' AS DateTime), 275.9)
INSERT [dbo].[Klienci] ([id], [imie], [nazwisko], [plec], [email], [telefon], [miejsce], [czas_zakupu_biletu], [zaplacono]) VALUES (105, N'Patryk', N'Włodarczyk', N'Mężczyzna', N'patryk.wlodarczyk@example.com', N'+48 643 654 321', N'SZ-475', CAST(N'2025-01-07T18:20:00.000' AS DateTime), 125.4)
INSERT [dbo].[Klienci] ([id], [imie], [nazwisko], [plec], [email], [telefon], [miejsce], [czas_zakupu_biletu], [zaplacono]) VALUES (106, N'Zuzanna', N'Nowak', N'Kobieta', N'zuzanna.nowak@example.com', N'+48 644 987 543', N'LU-586', CAST(N'2025-01-06T20:30:00.000' AS DateTime), 390.1)
INSERT [dbo].[Klienci] ([id], [imie], [nazwisko], [plec], [email], [telefon], [miejsce], [czas_zakupu_biletu], [zaplacono]) VALUES (107, N'Tomasz', N'Laskowski', N'Mężczyzna', N'tomasz.laskowski@example.com', N'+48 645 345 678', N'KA-697', CAST(N'2025-01-05T21:50:00.000' AS DateTime), 115.3)
INSERT [dbo].[Klienci] ([id], [imie], [nazwisko], [plec], [email], [telefon], [miejsce], [czas_zakupu_biletu], [zaplacono]) VALUES (108, N'Katarzyna', N'Lis', N'Kobieta', N'katarzyna.lis@example.com', N'+48 646 789 123', N'OP-808', CAST(N'2025-01-04T23:20:00.000' AS DateTime), 210.4)
INSERT [dbo].[Klienci] ([id], [imie], [nazwisko], [plec], [email], [telefon], [miejsce], [czas_zakupu_biletu], [zaplacono]) VALUES (109, N'Piotr', N'Michalak', N'Mężczyzna', N'piotr.michalak@example.com', N'+48 647 987 654', N'ZA-919', CAST(N'2025-01-03T08:10:00.000' AS DateTime), 145)
INSERT [dbo].[Klienci] ([id], [imie], [nazwisko], [plec], [email], [telefon], [miejsce], [czas_zakupu_biletu], [zaplacono]) VALUES (110, N'Magdalena', N'Kołodziej', N'Kobieta', N'magdalena.kolodziej@example.com', N'+48 648 456 789', N'LO-930', CAST(N'2025-01-02T09:50:00.000' AS DateTime), 195.5)
INSERT [dbo].[Klienci] ([id], [imie], [nazwisko], [plec], [email], [telefon], [miejsce], [czas_zakupu_biletu], [zaplacono]) VALUES (111, N'Łukasz', N'Zając', N'Mężczyzna', N'lukasz.zajac@example.com', N'+48 649 654 321', N'KR-041', CAST(N'2025-01-01T11:15:00.000' AS DateTime), 500)
SET IDENTITY_INSERT [dbo].[Klienci] OFF
GO
SET IDENTITY_INSERT [dbo].[Organizatorzy] ON 

INSERT [dbo].[Organizatorzy] ([id], [imie], [nazwisko], [plec], [email], [telefon], [miejsce], [status_zaproszenia]) VALUES (1, N'Jan', N'Nowak', N'Mężczyzna', N'jan.nowak@example.com', N'+48 600 600 600', N'KR-456', N'Zaakceptowane')
INSERT [dbo].[Organizatorzy] ([id], [imie], [nazwisko], [plec], [email], [telefon], [miejsce], [status_zaproszenia]) VALUES (2, N'Konstanty', N'Hyży', N'Kobieta', N'leonmachowicz@o2.pl', N'+48 515 130 850', N'MK-127', N'Oczekujące')
INSERT [dbo].[Organizatorzy] ([id], [imie], [nazwisko], [plec], [email], [telefon], [miejsce], [status_zaproszenia]) VALUES (3, N'Konrad', N'Doroba', N'Kobieta', N'szycjuliusz@ppuh.org', N'503 887 698', N'Dc-497', N'Odrzucone')
INSERT [dbo].[Organizatorzy] ([id], [imie], [nazwisko], [plec], [email], [telefon], [miejsce], [status_zaproszenia]) VALUES (4, N'Aurelia', N'Nehring', N'Kobieta', N'gustaw55@nikel.pl', N'22 557 82 06', N'PD-828', N'Oczekujące')
INSERT [dbo].[Organizatorzy] ([id], [imie], [nazwisko], [plec], [email], [telefon], [miejsce], [status_zaproszenia]) VALUES (5, N'Bianka', N'Kyc', N'Mężczyzna', N'gabrielochab@onet.pl', N'+48 887 555 476', N'xQ-487', N'Zaakceptowane')
INSERT [dbo].[Organizatorzy] ([id], [imie], [nazwisko], [plec], [email], [telefon], [miejsce], [status_zaproszenia]) VALUES (6, N'Kajetan', N'Glazer', N'Mężczyzna', N'trzepizurroksana@fpuh.com', N'+48 782 885 242', N'yG-485', N'Oczekujące')
INSERT [dbo].[Organizatorzy] ([id], [imie], [nazwisko], [plec], [email], [telefon], [miejsce], [status_zaproszenia]) VALUES (7, N'Kornelia', N'Bilska', N'Kobieta', N'magdalenatytko@spzoo.pl', N'508 614 976', N'Nt-184', N'Zaakceptowane')
INSERT [dbo].[Organizatorzy] ([id], [imie], [nazwisko], [plec], [email], [telefon], [miejsce], [status_zaproszenia]) VALUES (8, N'Ryszard', N'Grzesik', N'Mężczyzna', N'klaudiuszstolarski@spzoo.pl', N'+48 792 989 440', N'Oj-625', N'Odrzucone')
INSERT [dbo].[Organizatorzy] ([id], [imie], [nazwisko], [plec], [email], [telefon], [miejsce], [status_zaproszenia]) VALUES (9, N'Teresa', N'Biegała', N'Kobieta', N'wladyslawfikus@firma.pl', N'533 974 703', N'Mc-289', N'Odrzucone')
INSERT [dbo].[Organizatorzy] ([id], [imie], [nazwisko], [plec], [email], [telefon], [miejsce], [status_zaproszenia]) VALUES (10, N'Mirosław', N'Hutny', N'Mężczyzna', N'magdalenagoch@ppuh.org', N'+48 888 625 724', N'Cd-827', N'Oczekujące')
INSERT [dbo].[Organizatorzy] ([id], [imie], [nazwisko], [plec], [email], [telefon], [miejsce], [status_zaproszenia]) VALUES (11, N'Adrian', N'Żegleń', N'Mężczyzna', N'leszekgalas@firma.com', N'604 578 740', N'Pb-199', N'Zaakceptowane')
INSERT [dbo].[Organizatorzy] ([id], [imie], [nazwisko], [plec], [email], [telefon], [miejsce], [status_zaproszenia]) VALUES (12, N'Gabriel', N'Sajdak', N'Mężczyzna', N'piotrjaniszewski@interia.pl', N'+48 778 974 675', N'Fn-814', N'Oczekujące')
INSERT [dbo].[Organizatorzy] ([id], [imie], [nazwisko], [plec], [email], [telefon], [miejsce], [status_zaproszenia]) VALUES (13, N'Sabina', N'Strzępka', N'Kobieta', N'agnieszkazembrzuski@firma.com', N'600 855 792', N'Fd-391', N'Zaakceptowane')
INSERT [dbo].[Organizatorzy] ([id], [imie], [nazwisko], [plec], [email], [telefon], [miejsce], [status_zaproszenia]) VALUES (14, N'Grzegorz', N'Czupryna', N'Mężczyzna', N'bognakowalska@ppuh.pl', N'795 612 833', N'Xr-192', N'Zaakceptowane')
INSERT [dbo].[Organizatorzy] ([id], [imie], [nazwisko], [plec], [email], [telefon], [miejsce], [status_zaproszenia]) VALUES (15, N'Katarzyna', N'Kosiba', N'Kobieta', N'patrycjaolesik@firma.pl', N'+48 889 247 659', N'Qw-183', N'Oczekujące')
INSERT [dbo].[Organizatorzy] ([id], [imie], [nazwisko], [plec], [email], [telefon], [miejsce], [status_zaproszenia]) VALUES (16, N'Kamil', N'Polaczek', N'Mężczyzna', N'andrzejradwan@spzoo.pl', N'+48 663 705 392', N'Jx-482', N'Zaakceptowane')
INSERT [dbo].[Organizatorzy] ([id], [imie], [nazwisko], [plec], [email], [telefon], [miejsce], [status_zaproszenia]) VALUES (17, N'Justyna', N'Ławniczak', N'Kobieta', N'leszekbednarek@firma.org', N'512 992 837', N'Ks-728', N'Odrzucone')
INSERT [dbo].[Organizatorzy] ([id], [imie], [nazwisko], [plec], [email], [telefon], [miejsce], [status_zaproszenia]) VALUES (18, N'Andrzej', N'Kępka', N'Mężczyzna', N'piotrgalas@firma.com', N'530 124 879', N'Za-918', N'Zaakceptowane')
INSERT [dbo].[Organizatorzy] ([id], [imie], [nazwisko], [plec], [email], [telefon], [miejsce], [status_zaproszenia]) VALUES (19, N'Wojciech', N'Żak', N'Mężczyzna', N'stanislawewertowski@ppuh.pl', N'888 479 320', N'Fn-521', N'Oczekujące')
INSERT [dbo].[Organizatorzy] ([id], [imie], [nazwisko], [plec], [email], [telefon], [miejsce], [status_zaproszenia]) VALUES (20, N'Łukasz', N'Poprawa', N'Mężczyzna', N'gabrielkulesza@spzoo.com', N'601 726 815', N'Qc-927', N'Odrzucone')
SET IDENTITY_INSERT [dbo].[Organizatorzy] OFF
GO
INSERT [dbo].[PozycjeDruzyny] ([id_druzyny], [trener], [atakujacy], [rozgrywajacy], [przyjmujacy], [srodkowy], [libero], [rezerwowy]) VALUES (1, 18, 7, 13, 12, 6, 10, 5)
INSERT [dbo].[PozycjeDruzyny] ([id_druzyny], [trener], [atakujacy], [rozgrywajacy], [przyjmujacy], [srodkowy], [libero], [rezerwowy]) VALUES (2, 2, 8, 14, 20, 16, 11, 21)
INSERT [dbo].[PozycjeDruzyny] ([id_druzyny], [trener], [atakujacy], [rozgrywajacy], [przyjmujacy], [srodkowy], [libero], [rezerwowy]) VALUES (3, 19, 25, 23, 18, 6, 24, 5)
INSERT [dbo].[PozycjeDruzyny] ([id_druzyny], [trener], [atakujacy], [rozgrywajacy], [przyjmujacy], [srodkowy], [libero], [rezerwowy]) VALUES (4, 14, 7, 30, 22, 14, 13, 10)
INSERT [dbo].[PozycjeDruzyny] ([id_druzyny], [trener], [atakujacy], [rozgrywajacy], [przyjmujacy], [srodkowy], [libero], [rezerwowy]) VALUES (5, 5, 8, 34, 12, 15, 11, 9)
INSERT [dbo].[PozycjeDruzyny] ([id_druzyny], [trener], [atakujacy], [rozgrywajacy], [przyjmujacy], [srodkowy], [libero], [rezerwowy]) VALUES (6, 16, 25, 36, 20, 6, 10, 21)
INSERT [dbo].[PozycjeDruzyny] ([id_druzyny], [trener], [atakujacy], [rozgrywajacy], [przyjmujacy], [srodkowy], [libero], [rezerwowy]) VALUES (7, 10, 32, 14, 30, 16, 13, 8)
INSERT [dbo].[PozycjeDruzyny] ([id_druzyny], [trener], [atakujacy], [rozgrywajacy], [przyjmujacy], [srodkowy], [libero], [rezerwowy]) VALUES (8, 9, 7, 18, 22, 6, 24, 5)
INSERT [dbo].[PozycjeDruzyny] ([id_druzyny], [trener], [atakujacy], [rozgrywajacy], [przyjmujacy], [srodkowy], [libero], [rezerwowy]) VALUES (9, 12, 8, 10, 12, 15, 11, 7)
INSERT [dbo].[PozycjeDruzyny] ([id_druzyny], [trener], [atakujacy], [rozgrywajacy], [przyjmujacy], [srodkowy], [libero], [rezerwowy]) VALUES (10, 6, 25, 23, 30, 16, 24, 21)
GO
INSERT [dbo].[Sedziowie] ([id_sedziego], [imie], [nazwisko], [plec], [data_urodzenia], [email], [telefon], [adres]) VALUES (1, N'Michał', N'Kowalczyk', N'Mężczyzna', CAST(N'1985-05-15' AS Date), N'michal.kowalczyk@example.com', N'+48 700 111 222', N'Warszawa, ul. Targowa 3')
INSERT [dbo].[Sedziowie] ([id_sedziego], [imie], [nazwisko], [plec], [data_urodzenia], [email], [telefon], [adres]) VALUES (2, N'Joanna', N'Nowicka', N'Kobieta', CAST(N'1990-03-12' AS Date), N'joanna.nowicka@example.com', N'+48 701 222 333', N'Kraków, ul. Grodzka 11')
INSERT [dbo].[Sedziowie] ([id_sedziego], [imie], [nazwisko], [plec], [data_urodzenia], [email], [telefon], [adres]) VALUES (3, N'Tomasz', N'Wiśniewski', N'Mężczyzna', CAST(N'1987-07-25' AS Date), N'tomasz.wisniewski@example.com', N'+48 702 333 444', N'Poznań, ul. Półwiejska 8')
INSERT [dbo].[Sedziowie] ([id_sedziego], [imie], [nazwisko], [plec], [data_urodzenia], [email], [telefon], [adres]) VALUES (4, N'Agnieszka', N'Lewandowska', N'Kobieta', CAST(N'1989-11-30' AS Date), N'agnieszka.lewandowska@example.com', N'+48 703 444 555', N'Gdańsk, ul. Grunwaldzka 21')
INSERT [dbo].[Sedziowie] ([id_sedziego], [imie], [nazwisko], [plec], [data_urodzenia], [email], [telefon], [adres]) VALUES (5, N'Piotr', N'Mazur', N'Mężczyzna', CAST(N'1986-09-10' AS Date), N'piotr.mazur@example.com', N'+48 704 555 666', N'Wrocław, ul. Legnicka 16')
INSERT [dbo].[Sedziowie] ([id_sedziego], [imie], [nazwisko], [plec], [data_urodzenia], [email], [telefon], [adres]) VALUES (6, N'Magdalena', N'Kamińska', N'Kobieta', CAST(N'1992-01-05' AS Date), N'magdalena.kaminska@example.com', N'+48 705 666 777', N'Łódź, ul. Narutowicza 9')
INSERT [dbo].[Sedziowie] ([id_sedziego], [imie], [nazwisko], [plec], [data_urodzenia], [email], [telefon], [adres]) VALUES (7, N'Adam', N'Dąbrowski', N'Mężczyzna', CAST(N'1984-06-22' AS Date), N'adam.dabrowski@example.com', N'+48 706 777 888', N'Katowice, ul. Sobieskiego 5')
INSERT [dbo].[Sedziowie] ([id_sedziego], [imie], [nazwisko], [plec], [data_urodzenia], [email], [telefon], [adres]) VALUES (8, N'Katarzyna', N'Zielińska', N'Kobieta', CAST(N'1988-04-19' AS Date), N'katarzyna.zielinska@example.com', N'+48 707 888 999', N'Szczecin, ul. Mickiewicza 12')
INSERT [dbo].[Sedziowie] ([id_sedziego], [imie], [nazwisko], [plec], [data_urodzenia], [email], [telefon], [adres]) VALUES (9, N'Jakub', N'Wojciechowski', N'Mężczyzna', CAST(N'1983-02-15' AS Date), N'jakub.wojciechowski@example.com', N'+48 708 999 000', N'Lublin, ul. Chopina 7')
INSERT [dbo].[Sedziowie] ([id_sedziego], [imie], [nazwisko], [plec], [data_urodzenia], [email], [telefon], [adres]) VALUES (10, N'Łukasz', N'Zając', N'Mężczyzna', CAST(N'1991-08-03' AS Date), N'lukasz.zajac@example.com', N'+48 709 000 111', N'Rzeszów, ul. Lisa-Kuli 20')
GO
INSERT [dbo].[Sponsory_Druzyny] ([id_druzyny], [nazwa], [imie], [nazwisko], [email], [telefon], [adres]) VALUES (1, N'Karpiak Sp. z o.o. Sp.k.', N'Marika', N'Wałęsa', N'hstachelek@yahoo.com', N'606 160 729', N'ul. Żwirowa 94\n30-100 Nowy Dwór Mazowiecki')
INSERT [dbo].[Sponsory_Druzyny] ([id_druzyny], [nazwa], [imie], [nazwisko], [email], [telefon], [adres]) VALUES (2, N'Guściora s.c.', N'Nikodem', N'Usarek', N'gurynowicz@o2.pl', N'+48 664 113 403', N'plac Strażacka 57/07\n35-901 Świnoujście')
INSERT [dbo].[Sponsory_Druzyny] ([id_druzyny], [nazwa], [imie], [nazwisko], [email], [telefon], [adres]) VALUES (3, N'FPUH Hus', N'Apolonia', N'Zastawny', N'baciasylwia@fpuh.net', N'32 635 26 15', N'pl. Staffa 49/06\n18-204 Lubliniec')
INSERT [dbo].[Sponsory_Druzyny] ([id_druzyny], [nazwa], [imie], [nazwisko], [email], [telefon], [adres]) VALUES (4, N'Stowarzyszenie Kominiak-Łuckiewicz s.c.', N'Lidia', N'Langier', N'opaspatryk@stowarzyszenie.pl', N'607 578 625', N'al. Turystyczna 28/88\n42-810 Wejherowo')
INSERT [dbo].[Sponsory_Druzyny] ([id_druzyny], [nazwa], [imie], [nazwisko], [email], [telefon], [adres]) VALUES (5, N'PPUH Melka', N'Marcel', N'Zajko', N'umaszota@interia.pl', N'699 742 994', N'pl. Zaciszna 272\n30-321 Bytom')
INSERT [dbo].[Sponsory_Druzyny] ([id_druzyny], [nazwa], [imie], [nazwisko], [email], [telefon], [adres]) VALUES (6, N'Kozłowski i Wspólnicy s.c.', N'Helena', N'Ryłko', N'franekrybowicz@gmail.com', N'+48 603 145 334', N'al. Miodowa 11/60\n89-410 Rzeszów')
INSERT [dbo].[Sponsory_Druzyny] ([id_druzyny], [nazwa], [imie], [nazwisko], [email], [telefon], [adres]) VALUES (7, N'Skiba Sp. z o.o.', N'Olaf', N'Król', N'ksobierajanna@gmail.com', N'798 223 111', N'ul. Długa 12/34\n34-890 Zakopane')
INSERT [dbo].[Sponsory_Druzyny] ([id_druzyny], [nazwa], [imie], [nazwisko], [email], [telefon], [adres]) VALUES (8, N'PPHU Jagoda-Borowska s.c.', N'Gabriel', N'Musiał', N'gabmusial@pphu.com', N'600 323 654', N'pl. Warszawski 10/8\n67-980 Gorzów Wielkopolski')
INSERT [dbo].[Sponsory_Druzyny] ([id_druzyny], [nazwa], [imie], [nazwisko], [email], [telefon], [adres]) VALUES (9, N'Jaworski i Partnerzy', N'Martyna', N'Gajda', N'jaworski.martyna@gmail.com', N'+48 504 987 654', N'ul. Zacisze 5/15\n48-123 Leszno')
INSERT [dbo].[Sponsory_Druzyny] ([id_druzyny], [nazwa], [imie], [nazwisko], [email], [telefon], [adres]) VALUES (10, N'Nowicki Transport', N'Norbert', N'Żuraw', N'norbert.zuraw@onet.pl', N'500 789 321', N'ul. Słoneczna 6/2\n39-456 Tarnów')
GO
INSERT [dbo].[Sponsory_Gierok] ([numer_gry], [nazwa], [imie], [nazwisko], [email], [telefon], [adres]) VALUES (5, N'Adidas', N'Marek', N'Kowalski', N'marek.kowalski@adidas.com', N'+48 601 234 567', N'Warszawa, ul. Prosta 1')
INSERT [dbo].[Sponsory_Gierok] ([numer_gry], [nazwa], [imie], [nazwisko], [email], [telefon], [adres]) VALUES (6, N'Nike', N'Anna', N'Nowak', N'anna.nowak@nike.com', N'+48 602 345 678', N'Kraków, ul. Floriańska 12')
INSERT [dbo].[Sponsory_Gierok] ([numer_gry], [nazwa], [imie], [nazwisko], [email], [telefon], [adres]) VALUES (12, N'Puma', N'Jan', N'Wiśniewski', N'jan.wisniewski@puma.com', N'+48 603 456 789', N'Gdańsk, ul. Długa 4')
INSERT [dbo].[Sponsory_Gierok] ([numer_gry], [nazwa], [imie], [nazwisko], [email], [telefon], [adres]) VALUES (16, N'Reebok', N'Katarzyna', N'Lewandowska', N'katarzyna.lewandowska@reebok.com', N'+48 604 567 890', N'Poznań, ul. Ratajczaka 6')
INSERT [dbo].[Sponsory_Gierok] ([numer_gry], [nazwa], [imie], [nazwisko], [email], [telefon], [adres]) VALUES (17, N'Under Armour', N'Tomasz', N'Mazur', N'tomasz.mazur@ua.com', N'+48 605 678 901', N'Łódź, ul. Piotrkowska 10')
INSERT [dbo].[Sponsory_Gierok] ([numer_gry], [nazwa], [imie], [nazwisko], [email], [telefon], [adres]) VALUES (20, N'Asics', N'Magdalena', N'Dąbrowska', N'magdalena.dabrowska@asics.com', N'+48 606 789 012', N'Katowice, ul. Młyńska 7')
INSERT [dbo].[Sponsory_Gierok] ([numer_gry], [nazwa], [imie], [nazwisko], [email], [telefon], [adres]) VALUES (21, N'New Balance', N'Adam', N'Kamiński', N'adam.kaminski@newbalance.com', N'+48 607 890 123', N'Wrocław, ul. Świdnicka 8')
GO
INSERT [dbo].[Statystyki_Gierok] ([numer_gry], [procent_ataku], [procent_przyjec], [procent_serwow], [punkty_ataku], [punkty_bloku], [punkty_serwow], [ilość_wymian], [ilość_żółtych_kartek], [ilość_czerwonych_kartek]) VALUES (5, 72.5, 65.3, 88.1, 25, 8, 5, 128, 1, 0)
INSERT [dbo].[Statystyki_Gierok] ([numer_gry], [procent_ataku], [procent_przyjec], [procent_serwow], [punkty_ataku], [punkty_bloku], [punkty_serwow], [ilość_wymian], [ilość_żółtych_kartek], [ilość_czerwonych_kartek]) VALUES (6, 64.2, 70.4, 90.2, 23, 9, 7, 150, 2, 1)
INSERT [dbo].[Statystyki_Gierok] ([numer_gry], [procent_ataku], [procent_przyjec], [procent_serwow], [punkty_ataku], [punkty_bloku], [punkty_serwow], [ilość_wymian], [ilość_żółtych_kartek], [ilość_czerwonych_kartek]) VALUES (12, 68.7, 60.8, 85.5, 20, 7, 6, 135, 1, 0)
INSERT [dbo].[Statystyki_Gierok] ([numer_gry], [procent_ataku], [procent_przyjec], [procent_serwow], [punkty_ataku], [punkty_bloku], [punkty_serwow], [ilość_wymian], [ilość_żółtych_kartek], [ilość_czerwonych_kartek]) VALUES (13, 74.1, 67.3, 87.2, 27, 10, 4, 145, 0, 0)
INSERT [dbo].[Statystyki_Gierok] ([numer_gry], [procent_ataku], [procent_przyjec], [procent_serwow], [punkty_ataku], [punkty_bloku], [punkty_serwow], [ilość_wymian], [ilość_żółtych_kartek], [ilość_czerwonych_kartek]) VALUES (14, 69.5, 72.1, 92.3, 24, 8, 5, 140, 2, 1)
INSERT [dbo].[Statystyki_Gierok] ([numer_gry], [procent_ataku], [procent_przyjec], [procent_serwow], [punkty_ataku], [punkty_bloku], [punkty_serwow], [ilość_wymian], [ilość_żółtych_kartek], [ilość_czerwonych_kartek]) VALUES (15, 63.8, 68.7, 89, 22, 6, 3, 125, 0, 0)
INSERT [dbo].[Statystyki_Gierok] ([numer_gry], [procent_ataku], [procent_przyjec], [procent_serwow], [punkty_ataku], [punkty_bloku], [punkty_serwow], [ilość_wymian], [ilość_żółtych_kartek], [ilość_czerwonych_kartek]) VALUES (16, 71.2, 66.5, 91.1, 26, 9, 7, 160, 1, 0)
INSERT [dbo].[Statystyki_Gierok] ([numer_gry], [procent_ataku], [procent_przyjec], [procent_serwow], [punkty_ataku], [punkty_bloku], [punkty_serwow], [ilość_wymian], [ilość_żółtych_kartek], [ilość_czerwonych_kartek]) VALUES (18, 65.9, 62.4, 88.8, 21, 7, 6, 130, 1, 0)
INSERT [dbo].[Statystyki_Gierok] ([numer_gry], [procent_ataku], [procent_przyjec], [procent_serwow], [punkty_ataku], [punkty_bloku], [punkty_serwow], [ilość_wymian], [ilość_żółtych_kartek], [ilość_czerwonych_kartek]) VALUES (20, 72.4, 70, 89.7, 25, 8, 4, 140, 0, 0)
INSERT [dbo].[Statystyki_Gierok] ([numer_gry], [procent_ataku], [procent_przyjec], [procent_serwow], [punkty_ataku], [punkty_bloku], [punkty_serwow], [ilość_wymian], [ilość_żółtych_kartek], [ilość_czerwonych_kartek]) VALUES (21, 69.8, 67.5, 90.5, 23, 9, 5, 155, 2, 1)
GO
INSERT [dbo].[StatystykiDruzyny] ([id_druzyny], [procent_ataku], [procent_przyjec], [procent_serwow], [punkty_ataku], [punkty_bloku], [punkty_serwow], [ilość_zawodników]) VALUES (1, 85.4, 78.2, 81.6, 240, 80, 95, 7)
INSERT [dbo].[StatystykiDruzyny] ([id_druzyny], [procent_ataku], [procent_przyjec], [procent_serwow], [punkty_ataku], [punkty_bloku], [punkty_serwow], [ilość_zawodników]) VALUES (2, 82.7, 74.9, 79.5, 230, 75, 90, 7)
INSERT [dbo].[StatystykiDruzyny] ([id_druzyny], [procent_ataku], [procent_przyjec], [procent_serwow], [punkty_ataku], [punkty_bloku], [punkty_serwow], [ilość_zawodników]) VALUES (3, 88.3, 76.4, 83.2, 250, 85, 100, 7)
INSERT [dbo].[StatystykiDruzyny] ([id_druzyny], [procent_ataku], [procent_przyjec], [procent_serwow], [punkty_ataku], [punkty_bloku], [punkty_serwow], [ilość_zawodników]) VALUES (4, 79.8, 72.1, 77.4, 215, 70, 85, 7)
INSERT [dbo].[StatystykiDruzyny] ([id_druzyny], [procent_ataku], [procent_przyjec], [procent_serwow], [punkty_ataku], [punkty_bloku], [punkty_serwow], [ilość_zawodników]) VALUES (5, 84.5, 75.6, 80.2, 235, 78, 92, 7)
INSERT [dbo].[StatystykiDruzyny] ([id_druzyny], [procent_ataku], [procent_przyjec], [procent_serwow], [punkty_ataku], [punkty_bloku], [punkty_serwow], [ilość_zawodników]) VALUES (6, 83.1, 73.8, 78.9, 225, 73, 88, 7)
INSERT [dbo].[StatystykiDruzyny] ([id_druzyny], [procent_ataku], [procent_przyjec], [procent_serwow], [punkty_ataku], [punkty_bloku], [punkty_serwow], [ilość_zawodników]) VALUES (7, 86.2, 77, 82.1, 245, 82, 97, 7)
INSERT [dbo].[StatystykiDruzyny] ([id_druzyny], [procent_ataku], [procent_przyjec], [procent_serwow], [punkty_ataku], [punkty_bloku], [punkty_serwow], [ilość_zawodników]) VALUES (8, 81.4, 70.3, 76.8, 220, 68, 83, 7)
INSERT [dbo].[StatystykiDruzyny] ([id_druzyny], [procent_ataku], [procent_przyjec], [procent_serwow], [punkty_ataku], [punkty_bloku], [punkty_serwow], [ilość_zawodników]) VALUES (9, 85.8, 76.9, 81.2, 240, 79, 94, 7)
INSERT [dbo].[StatystykiDruzyny] ([id_druzyny], [procent_ataku], [procent_przyjec], [procent_serwow], [punkty_ataku], [punkty_bloku], [punkty_serwow], [ilość_zawodników]) VALUES (10, 82, 74.1, 78.5, 230, 72, 89, 7)
GO
INSERT [dbo].[StatystykiGracza] ([id_gracza], [procent_ataku], [procent_przyjec], [procent_serwow], [punkty_ataku], [punkty_bloku], [punkty_serwow]) VALUES (5, 75.4, 68.3, 80.2, 25, 10, 15)
INSERT [dbo].[StatystykiGracza] ([id_gracza], [procent_ataku], [procent_przyjec], [procent_serwow], [punkty_ataku], [punkty_bloku], [punkty_serwow]) VALUES (6, 82.1, 70, 75.6, 30, 12, 18)
INSERT [dbo].[StatystykiGracza] ([id_gracza], [procent_ataku], [procent_przyjec], [procent_serwow], [punkty_ataku], [punkty_bloku], [punkty_serwow]) VALUES (7, 90.5, 65.2, 85, 28, 8, 20)
INSERT [dbo].[StatystykiGracza] ([id_gracza], [procent_ataku], [procent_przyjec], [procent_serwow], [punkty_ataku], [punkty_bloku], [punkty_serwow]) VALUES (8, 87.3, 60.4, 82.7, 32, 14, 22)
INSERT [dbo].[StatystykiGracza] ([id_gracza], [procent_ataku], [procent_przyjec], [procent_serwow], [punkty_ataku], [punkty_bloku], [punkty_serwow]) VALUES (12, 78.9, 64, 81.5, 26, 9, 17)
INSERT [dbo].[StatystykiGracza] ([id_gracza], [procent_ataku], [procent_przyjec], [procent_serwow], [punkty_ataku], [punkty_bloku], [punkty_serwow]) VALUES (13, 92.3, 68.2, 85.9, 31, 13, 21)
INSERT [dbo].[StatystykiGracza] ([id_gracza], [procent_ataku], [procent_przyjec], [procent_serwow], [punkty_ataku], [punkty_bloku], [punkty_serwow]) VALUES (14, 85.7, 66.4, 79.8, 27, 10, 18)
INSERT [dbo].[StatystykiGracza] ([id_gracza], [procent_ataku], [procent_przyjec], [procent_serwow], [punkty_ataku], [punkty_bloku], [punkty_serwow]) VALUES (16, 81.5, 71, 76.2, 25, 12, 15)
INSERT [dbo].[StatystykiGracza] ([id_gracza], [procent_ataku], [procent_przyjec], [procent_serwow], [punkty_ataku], [punkty_bloku], [punkty_serwow]) VALUES (21, 76.2, 63.4, 80.1, 24, 9, 16)
INSERT [dbo].[StatystykiGracza] ([id_gracza], [procent_ataku], [procent_przyjec], [procent_serwow], [punkty_ataku], [punkty_bloku], [punkty_serwow]) VALUES (23, 88.7, 70.6, 82.5, 29, 12, 18)
INSERT [dbo].[StatystykiGracza] ([id_gracza], [procent_ataku], [procent_przyjec], [procent_serwow], [punkty_ataku], [punkty_bloku], [punkty_serwow]) VALUES (25, 91.2, 67.8, 84.7, 32, 14, 20)
INSERT [dbo].[StatystykiGracza] ([id_gracza], [procent_ataku], [procent_przyjec], [procent_serwow], [punkty_ataku], [punkty_bloku], [punkty_serwow]) VALUES (26, 84.6, 62.5, 81.9, 27, 11, 17)
INSERT [dbo].[StatystykiGracza] ([id_gracza], [procent_ataku], [procent_przyjec], [procent_serwow], [punkty_ataku], [punkty_bloku], [punkty_serwow]) VALUES (28, 79.3, 65, 78.6, 26, 10, 15)
INSERT [dbo].[StatystykiGracza] ([id_gracza], [procent_ataku], [procent_przyjec], [procent_serwow], [punkty_ataku], [punkty_bloku], [punkty_serwow]) VALUES (30, 87.5, 71.2, 83, 28, 12, 18)
INSERT [dbo].[StatystykiGracza] ([id_gracza], [procent_ataku], [procent_przyjec], [procent_serwow], [punkty_ataku], [punkty_bloku], [punkty_serwow]) VALUES (32, 90.1, 66.7, 85.4, 30, 13, 20)
INSERT [dbo].[StatystykiGracza] ([id_gracza], [procent_ataku], [procent_przyjec], [procent_serwow], [punkty_ataku], [punkty_bloku], [punkty_serwow]) VALUES (34, 86.4, 68.3, 79.6, 29, 12, 19)
INSERT [dbo].[StatystykiGracza] ([id_gracza], [procent_ataku], [procent_przyjec], [procent_serwow], [punkty_ataku], [punkty_bloku], [punkty_serwow]) VALUES (36, 80.9, 64.7, 77.8, 25, 10, 16)
GO
SET IDENTITY_INSERT [dbo].[Trenery] ON 

INSERT [dbo].[Trenery] ([id_trenera], [imie], [nazwisko], [plec], [data_urodzenia], [email], [telefon], [adres]) VALUES (1, N'Antoni', N'Tomal', N'Mężczyzna', CAST(N'1965-04-10' AS Date), N'melaniasmykla@o2.pl', N'798 332 103', N'ulica Przechodnia 300\n66-873 Gniezno')
INSERT [dbo].[Trenery] ([id_trenera], [imie], [nazwisko], [plec], [data_urodzenia], [email], [telefon], [adres]) VALUES (2, N'Tadeusz', N'Szymula', N'Mężczyzna', CAST(N'1967-03-29' AS Date), N'strugjulianna@o2.pl', N'+48 660 715 127', N'aleja Ludowa 73\n61-436 Reda')
INSERT [dbo].[Trenery] ([id_trenera], [imie], [nazwisko], [plec], [data_urodzenia], [email], [telefon], [adres]) VALUES (3, N'Cyprian', N'Trzyna', N'Mężczyzna', CAST(N'1970-08-15' AS Date), N'jakubiukleonard@gmail.com', N'+48 882 940 697', N'plac Stroma 45\n99-012 Koło')
INSERT [dbo].[Trenery] ([id_trenera], [imie], [nazwisko], [plec], [data_urodzenia], [email], [telefon], [adres]) VALUES (4, N'Tomasz', N'Wijata', N'Mężczyzna', CAST(N'1973-12-12' AS Date), N'kalinawolff@o2.pl', N'+48 534 149 604', N'pl. Sikorskiego 14/82\n20-067 Chełm')
INSERT [dbo].[Trenery] ([id_trenera], [imie], [nazwisko], [plec], [data_urodzenia], [email], [telefon], [adres]) VALUES (5, N'Cezary', N'Karnas', N'Kobieta', CAST(N'1985-09-03' AS Date), N'cslysz@stowarzyszenie.net', N'+48 502 293 666', N'pl. Stolarska 449\n14-255 Nysa')
INSERT [dbo].[Trenery] ([id_trenera], [imie], [nazwisko], [plec], [data_urodzenia], [email], [telefon], [adres]) VALUES (6, N'Anna', N'Gac', N'Kobieta', CAST(N'1989-04-19' AS Date), N'juliawnuk@wp.pl', N'722 290 178', N'plac Spacerowa 63\n96-188 Warszawa')
INSERT [dbo].[Trenery] ([id_trenera], [imie], [nazwisko], [plec], [data_urodzenia], [email], [telefon], [adres]) VALUES (7, N'Marek', N'Kubacki', N'Mężczyzna', CAST(N'1992-08-12' AS Date), N'sobczaklukasz@onet.pl', N'736 846 217', N'pl. Kwiatowa 123\n88-987 Zabrze')
INSERT [dbo].[Trenery] ([id_trenera], [imie], [nazwisko], [plec], [data_urodzenia], [email], [telefon], [adres]) VALUES (8, N'Karolina', N'Lewandowska', N'Kobieta', CAST(N'1991-11-08' AS Date), N'michaljacyna@gmail.com', N'+48 502 803 133', N'plac Grunwaldzki 89\n76-123 Toruń')
INSERT [dbo].[Trenery] ([id_trenera], [imie], [nazwisko], [plec], [data_urodzenia], [email], [telefon], [adres]) VALUES (9, N'Katarzyna', N'Sobieraj', N'Kobieta', CAST(N'1980-06-23' AS Date), N'kornelialenart@gmail.com', N'+48 601 274 187', N'pl. Tęczowa 12/9\n88-932 Łódź')
INSERT [dbo].[Trenery] ([id_trenera], [imie], [nazwisko], [plec], [data_urodzenia], [email], [telefon], [adres]) VALUES (10, N'Andrzej', N'Zakrzewski', N'Mężczyzna', CAST(N'1988-10-03' AS Date), N'andrzej66@o2.pl', N'501 556 332', N'ul. Zygmunta 10\n44-321 Kraków')
INSERT [dbo].[Trenery] ([id_trenera], [imie], [nazwisko], [plec], [data_urodzenia], [email], [telefon], [adres]) VALUES (11, N'Zofia', N'Kowalska', N'Kobieta', CAST(N'1993-01-15' AS Date), N'ksobierajska@gmail.com', N'501 338 122', N'ul. Polna 8\n44-678 Gdańsk')
INSERT [dbo].[Trenery] ([id_trenera], [imie], [nazwisko], [plec], [data_urodzenia], [email], [telefon], [adres]) VALUES (12, N'Paweł', N'Majewski', N'Mężczyzna', CAST(N'1986-03-18' AS Date), N'pmaciejuk@hotmail.com', N'790 221 765', N'pl. Słoneczna 10\n77-234 Olsztyn')
INSERT [dbo].[Trenery] ([id_trenera], [imie], [nazwisko], [plec], [data_urodzenia], [email], [telefon], [adres]) VALUES (13, N'Barbara', N'Czajka', N'Kobieta', CAST(N'1977-05-06' AS Date), N'czajkabarbara@onet.pl', N'+48 780 123 456', N'plac Świerkowa 23\n99-123 Gliwice')
INSERT [dbo].[Trenery] ([id_trenera], [imie], [nazwisko], [plec], [data_urodzenia], [email], [telefon], [adres]) VALUES (14, N'Janusz', N'Wieczorek', N'Mężczyzna', CAST(N'1972-07-25' AS Date), N'wieczorek.janusz@gmail.com', N'500 987 456', N'ul. Jodłowa 5\n65-234 Kielce')
INSERT [dbo].[Trenery] ([id_trenera], [imie], [nazwisko], [plec], [data_urodzenia], [email], [telefon], [adres]) VALUES (15, N'Michał', N'Piątek', N'Mężczyzna', CAST(N'1990-12-30' AS Date), N'michalpiatek@o2.pl', N'+48 800 765 432', N'pl. Różany 45\n99-456 Rzeszów')
INSERT [dbo].[Trenery] ([id_trenera], [imie], [nazwisko], [plec], [data_urodzenia], [email], [telefon], [adres]) VALUES (16, N'Monika', N'Król', N'Kobieta', CAST(N'1985-07-18' AS Date), N'monikakrol@gmail.com', N'600 432 987', N'ul. Lipowa 9\n87-789 Białystok')
INSERT [dbo].[Trenery] ([id_trenera], [imie], [nazwisko], [plec], [data_urodzenia], [email], [telefon], [adres]) VALUES (17, N'Krzysztof', N'Nowak', N'Mężczyzna', CAST(N'1969-09-07' AS Date), N'nowak.krzysztof@gmail.com', N'720 654 321', N'ul. Długa 12\n78-890 Szczecin')
INSERT [dbo].[Trenery] ([id_trenera], [imie], [nazwisko], [plec], [data_urodzenia], [email], [telefon], [adres]) VALUES (18, N'Elżbieta', N'Dąbrowska', N'Kobieta', CAST(N'1982-11-11' AS Date), N'dabrowska.elzbieta@wp.pl', N'730 456 789', N'plac Krótka 8\n89-432 Lublin')
INSERT [dbo].[Trenery] ([id_trenera], [imie], [nazwisko], [plec], [data_urodzenia], [email], [telefon], [adres]) VALUES (19, N'Grzegorz', N'Lis', N'Mężczyzna', CAST(N'1984-05-01' AS Date), N'lisgrzegorz@hotmail.com', N'+48 810 456 123', N'pl. Jagodowa 15\n87-654 Opole')
INSERT [dbo].[Trenery] ([id_trenera], [imie], [nazwisko], [plec], [data_urodzenia], [email], [telefon], [adres]) VALUES (20, N'Dorota', N'Żurek', N'Kobieta', CAST(N'1978-06-14' AS Date), N'zurek.dorota@gmail.com', N'600 789 123', N'ul. Jasna 7\n88-765 Katowice')
SET IDENTITY_INSERT [dbo].[Trenery] OFF
GO
INSERT [dbo].[Zakupy] ([id], [source], [bonus], [flagi], [naklejki], [gwizdki], [autografy_graczy], [koszty_z_osoby]) VALUES (1, N'Klienci', N'Mały', 5, 10, 2, 5, 50.25)
INSERT [dbo].[Zakupy] ([id], [source], [bonus], [flagi], [naklejki], [gwizdki], [autografy_graczy], [koszty_z_osoby]) VALUES (1, N'Organizatorzy', N'Średni', 8, 15, 3, 7, 75.5)
INSERT [dbo].[Zakupy] ([id], [source], [bonus], [flagi], [naklejki], [gwizdki], [autografy_graczy], [koszty_z_osoby]) VALUES (2, N'Klienci', N'Średni', 8, 15, 3, 5, 250.75)
INSERT [dbo].[Zakupy] ([id], [source], [bonus], [flagi], [naklejki], [gwizdki], [autografy_graczy], [koszty_z_osoby]) VALUES (3, N'Klienci', N'Duży', 6, 20, 4, 8, 180.9)
INSERT [dbo].[Zakupy] ([id], [source], [bonus], [flagi], [naklejki], [gwizdki], [autografy_graczy], [koszty_z_osoby]) VALUES (4, N'Organizatorzy', N'Mały', 3, 12, 1, 6, 100)
INSERT [dbo].[Zakupy] ([id], [source], [bonus], [flagi], [naklejki], [gwizdki], [autografy_graczy], [koszty_z_osoby]) VALUES (5, N'Organizatorzy', N'Średni', 7, 14, 2, 7, 150.3)
INSERT [dbo].[Zakupy] ([id], [source], [bonus], [flagi], [naklejki], [gwizdki], [autografy_graczy], [koszty_z_osoby]) VALUES (6, N'Klienci', N'Duży', 9, 18, 5, 9, 400.25)
INSERT [dbo].[Zakupy] ([id], [source], [bonus], [flagi], [naklejki], [gwizdki], [autografy_graczy], [koszty_z_osoby]) VALUES (7, N'Organizatorzy', N'Mały', 4, 11, 1, 6, 90)
INSERT [dbo].[Zakupy] ([id], [source], [bonus], [flagi], [naklejki], [gwizdki], [autografy_graczy], [koszty_z_osoby]) VALUES (8, N'Klienci', N'Średni', 6, 17, 2, 5, 230.4)
INSERT [dbo].[Zakupy] ([id], [source], [bonus], [flagi], [naklejki], [gwizdki], [autografy_graczy], [koszty_z_osoby]) VALUES (9, N'Organizatorzy', N'Duży', 10, 19, 4, 8, 120.1)
INSERT [dbo].[Zakupy] ([id], [source], [bonus], [flagi], [naklejki], [gwizdki], [autografy_graczy], [koszty_z_osoby]) VALUES (10, N'Organizatorzy', N'Mały', 5, 13, 3, 6, 500.8)
INSERT [dbo].[Zakupy] ([id], [source], [bonus], [flagi], [naklejki], [gwizdki], [autografy_graczy], [koszty_z_osoby]) VALUES (11, N'Klienci', N'Średni', 8, 15, 3, 7, 320)
INSERT [dbo].[Zakupy] ([id], [source], [bonus], [flagi], [naklejki], [gwizdki], [autografy_graczy], [koszty_z_osoby]) VALUES (12, N'Organizatorzy', N'Duży', 7, 18, 4, 9, 205.75)
INSERT [dbo].[Zakupy] ([id], [source], [bonus], [flagi], [naklejki], [gwizdki], [autografy_graczy], [koszty_z_osoby]) VALUES (13, N'Klienci', N'Mały', 4, 10, 1, 6, 275.9)
INSERT [dbo].[Zakupy] ([id], [source], [bonus], [flagi], [naklejki], [gwizdki], [autografy_graczy], [koszty_z_osoby]) VALUES (14, N'Organizatorzy', N'Średni', 6, 12, 2, 7, 125.4)
INSERT [dbo].[Zakupy] ([id], [source], [bonus], [flagi], [naklejki], [gwizdki], [autografy_graczy], [koszty_z_osoby]) VALUES (15, N'Klienci', N'Duży', 9, 17, 5, 8, 390.1)
INSERT [dbo].[Zakupy] ([id], [source], [bonus], [flagi], [naklejki], [gwizdki], [autografy_graczy], [koszty_z_osoby]) VALUES (16, N'Organizatorzy', N'Mały', 3, 11, 1, 6, 115.3)
INSERT [dbo].[Zakupy] ([id], [source], [bonus], [flagi], [naklejki], [gwizdki], [autografy_graczy], [koszty_z_osoby]) VALUES (17, N'Klienci', N'Średni', 7, 14, 2, 5, 210.4)
INSERT [dbo].[Zakupy] ([id], [source], [bonus], [flagi], [naklejki], [gwizdki], [autografy_graczy], [koszty_z_osoby]) VALUES (18, N'Organizatorzy', N'Duży', 10, 16, 4, 9, 145)
INSERT [dbo].[Zakupy] ([id], [source], [bonus], [flagi], [naklejki], [gwizdki], [autografy_graczy], [koszty_z_osoby]) VALUES (19, N'Klienci', N'Mały', 5, 12, 3, 8, 195.5)
INSERT [dbo].[Zakupy] ([id], [source], [bonus], [flagi], [naklejki], [gwizdki], [autografy_graczy], [koszty_z_osoby]) VALUES (20, N'Organizatorzy', N'Średni', 8, 15, 3, 6, 500)
GO
ALTER TABLE [dbo].[Gierki_Ligy_Siatkarskej]  WITH CHECK ADD FOREIGN KEY([id_pierwszej_druzyny])
REFERENCES [dbo].[InfoDruzyny] ([id_druzyny])
GO
ALTER TABLE [dbo].[Gierki_Ligy_Siatkarskej]  WITH CHECK ADD FOREIGN KEY([id_drugiej_druzyny])
REFERENCES [dbo].[InfoDruzyny] ([id_druzyny])
GO
ALTER TABLE [dbo].[Gierki_Ligy_Siatkarskej]  WITH CHECK ADD FOREIGN KEY([id_drugiej_druzyny])
REFERENCES [dbo].[PozycjeDruzyny] ([id_druzyny])
GO
ALTER TABLE [dbo].[Gierki_Ligy_Siatkarskej]  WITH CHECK ADD FOREIGN KEY([id_pierwszej_druzyny])
REFERENCES [dbo].[PozycjeDruzyny] ([id_druzyny])
GO
ALTER TABLE [dbo].[Gierki_Ligy_Siatkarskej]  WITH CHECK ADD  CONSTRAINT [FK_Gierki_Ligy_Siatkarskej_Sedziowie] FOREIGN KEY([id_sedziego])
REFERENCES [dbo].[Sedziowie] ([id_sedziego])
GO
ALTER TABLE [dbo].[Gierki_Ligy_Siatkarskej] CHECK CONSTRAINT [FK_Gierki_Ligy_Siatkarskej_Sedziowie]
GO
ALTER TABLE [dbo].[InfoDruzyny]  WITH CHECK ADD  CONSTRAINT [FK_InfoDruzyny_InfoDruzyny] FOREIGN KEY([id_druzyny])
REFERENCES [dbo].[InfoDruzyny] ([id_druzyny])
GO
ALTER TABLE [dbo].[InfoDruzyny] CHECK CONSTRAINT [FK_InfoDruzyny_InfoDruzyny]
GO
ALTER TABLE [dbo].[InfoDruzyny]  WITH CHECK ADD  CONSTRAINT [FK_InfoDruzyny_Trenery] FOREIGN KEY([id_trenera])
REFERENCES [dbo].[Trenery] ([id_trenera])
GO
ALTER TABLE [dbo].[InfoDruzyny] CHECK CONSTRAINT [FK_InfoDruzyny_Trenery]
GO
ALTER TABLE [dbo].[PozycjeDruzyny]  WITH CHECK ADD FOREIGN KEY([atakujacy])
REFERENCES [dbo].[Gracze] ([id_gracza])
GO
ALTER TABLE [dbo].[PozycjeDruzyny]  WITH CHECK ADD FOREIGN KEY([id_druzyny])
REFERENCES [dbo].[InfoDruzyny] ([id_druzyny])
GO
ALTER TABLE [dbo].[PozycjeDruzyny]  WITH CHECK ADD FOREIGN KEY([libero])
REFERENCES [dbo].[Gracze] ([id_gracza])
GO
ALTER TABLE [dbo].[PozycjeDruzyny]  WITH CHECK ADD FOREIGN KEY([przyjmujacy])
REFERENCES [dbo].[Gracze] ([id_gracza])
GO
ALTER TABLE [dbo].[PozycjeDruzyny]  WITH CHECK ADD FOREIGN KEY([rezerwowy])
REFERENCES [dbo].[Gracze] ([id_gracza])
GO
ALTER TABLE [dbo].[PozycjeDruzyny]  WITH CHECK ADD FOREIGN KEY([rozgrywajacy])
REFERENCES [dbo].[Gracze] ([id_gracza])
GO
ALTER TABLE [dbo].[PozycjeDruzyny]  WITH CHECK ADD FOREIGN KEY([srodkowy])
REFERENCES [dbo].[Gracze] ([id_gracza])
GO
ALTER TABLE [dbo].[PozycjeDruzyny]  WITH CHECK ADD FOREIGN KEY([trener])
REFERENCES [dbo].[Trenery] ([id_trenera])
GO
ALTER TABLE [dbo].[PozycjeDruzyny]  WITH CHECK ADD  CONSTRAINT [FK_PozycjeDruzyny_PozycjeDruzyny] FOREIGN KEY([id_druzyny])
REFERENCES [dbo].[PozycjeDruzyny] ([id_druzyny])
GO
ALTER TABLE [dbo].[PozycjeDruzyny] CHECK CONSTRAINT [FK_PozycjeDruzyny_PozycjeDruzyny]
GO
ALTER TABLE [dbo].[Sponsory_Druzyny]  WITH CHECK ADD  CONSTRAINT [FK_Sponsory_Druzyny_InfoDruzyny] FOREIGN KEY([id_druzyny])
REFERENCES [dbo].[InfoDruzyny] ([id_druzyny])
GO
ALTER TABLE [dbo].[Sponsory_Druzyny] CHECK CONSTRAINT [FK_Sponsory_Druzyny_InfoDruzyny]
GO
ALTER TABLE [dbo].[Sponsory_Gierok]  WITH CHECK ADD FOREIGN KEY([numer_gry])
REFERENCES [dbo].[Gierki_Ligy_Siatkarskej] ([numer_gry])
GO
ALTER TABLE [dbo].[Statystyki_Gierok]  WITH CHECK ADD FOREIGN KEY([numer_gry])
REFERENCES [dbo].[Gierki_Ligy_Siatkarskej] ([numer_gry])
GO
ALTER TABLE [dbo].[StatystykiDruzyny]  WITH CHECK ADD FOREIGN KEY([id_druzyny])
REFERENCES [dbo].[PozycjeDruzyny] ([id_druzyny])
GO
ALTER TABLE [dbo].[StatystykiDruzyny]  WITH CHECK ADD FOREIGN KEY([id_druzyny])
REFERENCES [dbo].[InfoDruzyny] ([id_druzyny])
GO
ALTER TABLE [dbo].[StatystykiGracza]  WITH CHECK ADD FOREIGN KEY([id_gracza])
REFERENCES [dbo].[Gracze] ([id_gracza])
GO
ALTER TABLE [dbo].[Zakupy]  WITH CHECK ADD  CONSTRAINT [FK_Zakupy_Klienci] FOREIGN KEY([id])
REFERENCES [dbo].[Klienci] ([id])
ON UPDATE CASCADE
GO
ALTER TABLE [dbo].[Zakupy] CHECK CONSTRAINT [FK_Zakupy_Klienci]
GO
ALTER TABLE [dbo].[Zakupy]  WITH CHECK ADD  CONSTRAINT [FK_Zakupy_Organizatorzy] FOREIGN KEY([id])
REFERENCES [dbo].[Organizatorzy] ([id])
ON UPDATE CASCADE
GO
ALTER TABLE [dbo].[Zakupy] CHECK CONSTRAINT [FK_Zakupy_Organizatorzy]
GO
